--- Terminal on COM3 | 115200 8-N-1
--- Available filters and text transformations: debug, default, direct, hexlify, log2file, nocontrol, printable, send_on_enter, time
--- More details at https://bit.ly/pio-monitor-filters
--- Quit: Ctrl+C | Menu: Ctrl+T | Help: Ctrl+T followed by Ctrl+H
FPS: 71, Animated in 0.0009s, Rendered in 0.0126s, Displayed in 0.0007s
FPS: 71, Animated in 0.0003s, Rendered in 0.0127s, Displayed in 0.0006s
FPS: 71, Animated in 0.0004s, Rendered in 0.0126s, Displayed in 0.0008s
FPS: 68, Animated in 0.0273s, Rendered in 0.0126s, Displayed in 0.0006s
FPS: 72, Animated in 0.0004s, Rendered in 0.0095s, Displayed in 0.0004s
FPS: 70, Animated in 0.0008s, Rendered in 0.0127s, Displayed in 0.0007s
FPS: 70, Animated in 0.0003s, Rendered in 0.0127s, Displayed in 0.0006s
FPS: 70, Animated in 0.0005s, Rendered in 0.0126s, Displayed in 0.0006s
FPS: 71, Animated in 0.0003s, Rendered in 0.0127s, Displayed in 0.0006s
FPS: 71, Animated in 0.0003s, Rendered in 0.0127s, Displayed in 0.0006s
FPS: 71, Animated in 0.0003s, Rendered in 0.0127s, Displayed in 0.0008s
FPS: 73, Animated in 0.0004s, Rendered in 0.0092s, Displayed in 0.0004s
FPS: 72, Animated in 0.0008s, Rendered in 0.0127s, Displayed in 0.0006s
FPS: 72, Animated in 0.0005s, Rendered in 0.0125s, Displayed in 0.0007s
FPS: 71, Animated in 0.0003s, Rendered in 0.0127s, Displayed in 0.0006s
FPS: 71, Animated in 0.0003s, Rendered in 0.0127s, Displayed in 0.0006s
FPS: 71, Animated in 0.0003s, Rendered in 0.0127s, Displayed in 0.0008s
FPS: 68, Animated in 0.0279s, Rendered in 0.0126s, Displayed in 0.0008s
FPS: 70, Animated in 0.0003s, Rendered in 0.0125s, Displayed in 0.0007s
FPS: 70, Animated in 0.0003s, Rendered in 0.0127s, Displayed in 0.0006s
FPS: 70, Animated in 0.0003s, Rendered in 0.0127s, Displayed in 0.0006s
FPS: 71, Animated in 0.0005s, Rendered in 0.0126s, Displayed in 0.0007s
FPS: 71, Animated in 0.0003s, Rendered in 0.0127s, Displayed in 0.0007s
FPS: 73, Animated in 0.0003s, Rendered in 0.0094s, Displayed in 0.0004s
FPS: 71, Animated in 0.0009s, Rendered in 0.0127s, Displayed in 0.0006s
FPS: 72, Animated in 0.0004s, Rendered in 0.0126s, Displayed in 0.0007s
FPS: 72, Animated in 0.0003s, Rendered in 0.0127s, Displayed in 0.0006s
FPS: 71, Animated in 0.0005s, Rendered in 0.0127s, Displayed in 0.0006s
FPS: 71, Animated in 0.0004s, Rendered in 0.0127s, Displayed in 0.0007s
FPS: 71, Animated in 0.0003s, Rendered in 0.0127s, Displayed in 0.0006s
FPS: 68, Animated in 0.0281s, Rendered in 0.0126s, Displayed in 0.0006s
FPS: 70, Animated in 0.0004s, Rendered in 0.0126s, Displayed in 0.0006s
FPS: 70, Animated in 0.0005s, Rendered in 0.0125s, Displayed in 0.0006s
FPS: 70, Animated in 0.0003s, Rendered in 0.0127s, Displayed in 0.0006s
FPS: 71, Animated in 0.0004s, Rendered in 0.0126s, Displayed in 0.0007s
FPS: 71, Animated in 0.0003s, Rendered in 0.0126s, Displayed in 0.0008s
FPS: 73, Animated in 0.0004s, Rendered in 0.0093s, Displayed in 0.0004s
FPS: 71, Animated in 0.0009s, Rendered in 0.0126s, Displayed in 0.0006s
FPS: 72, Animated in 0.0005s, Rendered in 0.0125s, Displayed in 0.0007s
FPS: 72, Animated in 0.0004s, Rendered in 0.0126s, Displayed in 0.0006s
FPS: 71, Animated in 0.0005s, Rendered in 0.0125s, Displayed in 0.0006s
FPS: 71, Animated in 0.0004s, Rendered in 0.0125s, Displayed in 0.0006s
FPS: 71, Animated in 0.0006s, Rendered in 0.0124s, Displayed in 0.0007s
FPS: 68, Animated in 0.0281s, Rendered in 0.0123s, Displayed in 0.0008s
FPS: 70, Animated in 0.0004s, Rendered in 0.0124s, Displayed in 0.0007s
FPS: 70, Animated in 0.0005s, Rendered in 0.0125s, Displayed in 0.0006s
FPS: 70, Animated in 0.0004s, Rendered in 0.0126s, Displayed in 0.0006s
FPS: 71, Animated in 0.0005s, Rendered in 0.0125s, Displayed in 0.0006s
FPS: 71, Animated in 0.0004s, Rendered in 0.0125s, Displayed in 0.0006s
FPS: 73, Animated in 0.0003s, Rendered in 0.0096s, Displayed in 0.0004s
FPS: 72, Animated in 0.0010s, Rendered in 0.0125s, Displayed in 0.0006s
FPS: 72, Animated in 0.0004s, Rendered in 0.0125s, Displayed in 0.0006s
FPS: 72, Animated in 0.0004s, Rendered in 0.0125s, Displayed in 0.0006s
FPS: 73, Animated in 0.0004s, Rendered in 0.0125s, Displayed in 0.0007s
FPS: 72, Animated in 0.0004s, Rendered in 0.0125s, Displayed in 0.0006s
FPS: 72, Animated in 0.0004s, Rendered in 0.0125s, Displayed in 0.0006s
FPS: 69, Animated in 0.0279s, Rendered in 0.0124s, Displayed in 0.0006s
FPS: 71, Animated in 0.0003s, Rendered in 0.0125s, Displayed in 0.0006s
FPS: 71, Animated in 0.0004s, Rendered in 0.0125s, Displayed in 0.0006s
FPS: 71, Animated in 0.0004s, Rendered in 0.0125s, Displayed in 0.0007s
FPS: 72, Animated in 0.0004s, Rendered in 0.0124s, Displayed in 0.0006s
FPS: 71, Animated in 0.0003s, Rendered in 0.0126s, Displayed in 0.0006s
FPS: 73, Animated in 0.0004s, Rendered in 0.0097s, Displayed in 0.0004s
FPS: 71, Animated in 0.0009s, Rendered in 0.0126s, Displayed in 0.0006s
FPS: 71, Animated in 0.0004s, Rendered in 0.0125s, Displayed in 0.0007s
FPS: 71, Animated in 0.0004s, Rendered in 0.0126s, Displayed in 0.0007s
FPS: 71, Animated in 0.0004s, Rendered in 0.0125s, Displayed in 0.0007s
FPS: 72, Animated in 0.0004s, Rendered in 0.0125s, Displayed in 0.0007s
FPS: 72, Animated in 0.0004s, Rendered in 0.0126s, Displayed in 0.0006s
FPS: 69, Animated in 0.0280s, Rendered in 0.0125s, Displayed in 0.0006s
FPS: 71, Animated in 0.0005s, Rendered in 0.0126s, Displayed in 0.0006s
FPS: 71, Animated in 0.0005s, Rendered in 0.0125s, Displayed in 0.0006s
FPS: 71, Animated in 0.0004s, Rendered in 0.0126s, Displayed in 0.0007s
FPS: 71, Animated in 0.0004s, Rendered in 0.0127s, Displayed in 0.0006s
FPS: 71, Animated in 0.0004s, Rendered in 0.0126s, Displayed in 0.0007s
FPS: 73, Animated in 0.0004s, Rendered in 0.0093s, Displayed in 0.0004s
FPS: 71, Animated in 0.0008s, Rendered in 0.0127s, Displayed in 0.0006s
FPS: 71, Animated in 0.0005s, Rendered in 0.0125s, Displayed in 0.0007s
FPS: 72, Animated in 0.0003s, Rendered in 0.0127s, Displayed in 0.0006s
FPS: 71, Animated in 0.0004s, Rendered in 0.0126s, Displayed in 0.0007s
FPS: 72, Animated in 0.0003s, Rendered in 0.0127s, Displayed in 0.0007s
FPS: 72, Animated in 0.0004s, Rendered in 0.0125s, Displayed in 0.0006s
FPS: 69, Animated in 0.0278s, Rendered in 0.0126s, Displayed in 0.0006s
FPS: 72, Animated in 0.0004s, Rendered in 0.0126s, Displayed in 0.0006s
FPS: 71, Animated in 0.0005s, Rendered in 0.0126s, Displayed in 0.0007s
FPS: 71, Animated in 0.0005s, Rendered in 0.0126s, Displayed in 0.0007s
FPS: 71, Animated in 0.0004s, Rendered in 0.0125s, Displayed in 0.0007s
FPS: 71, Animated in 0.0004s, Rendered in 0.0126s, Displayed in 0.0006s
FPS: 73, Animated in 0.0004s, Rendered in 0.0094s, Displayed in 0.0005s
FPS: 71, Animated in 0.0010s, Rendered in 0.0125s, Displayed in 0.0006s
FPS: 71, Animated in 0.0003s, Rendered in 0.0127s, Displayed in 0.0006s
FPS: 71, Animated in 0.0004s, Rendered in 0.0126s, Displayed in 0.0007s
FPS: 71, Animated in 0.0004s, Rendered in 0.0125s, Displayed in 0.0007s
FPS: 72, Animated in 0.0003s, Rendered in 0.0126s, Displayed in 0.0006s
FPS: 72, Animated in 0.0004s, Rendered in 0.0126s, Displayed in 0.0007s
FPS: 69, Animated in 0.0280s, Rendered in 0.0126s, Displayed in 0.0006s
FPS: 71, Animated in 0.0003s, Rendered in 0.0127s, Displayed in 0.0006s
FPS: 71, Animated in 0.0005s, Rendered in 0.0125s, Displayed in 0.0007s
FPS: 71, Animated in 0.0003s, Rendered in 0.0126s, Displayed in 0.0006s
FPS: 71, Animated in 0.0003s, Rendered in 0.0126s, Displayed in 0.0006s
FPS: 71, Animated in 0.0004s, Rendered in 0.0126s, Displayed in 0.0007s
FPS: 73, Animated in 0.0003s, Rendered in 0.0094s, Displayed in 0.0004s
FPS: 71, Animated in 0.0008s, Rendered in 0.0127s, Displayed in 0.0006s
FPS: 71, Animated in 0.0005s, Rendered in 0.0125s, Displayed in 0.0007s
FPS: 71, Animated in 0.0004s, Rendered in 0.0126s, Displayed in 0.0007s
FPS: 71, Animated in 0.0003s, Rendered in 0.0127s, Displayed in 0.0006s
FPS: 72, Animated in 0.0004s, Rendered in 0.0126s, Displayed in 0.0006s
FPS: 72, Animated in 0.0005s, Rendered in 0.0125s, Displayed in 0.0007s
FPS: 69, Animated in 0.0280s, Rendered in 0.0125s, Displayed in 0.0006s
FPS: 71, Animated in 0.0005s, Rendered in 0.0126s, Displayed in 0.0006s
FPS: 71, Animated in 0.0004s, Rendered in 0.0125s, Displayed in 0.0006s
FPS: 71, Animated in 0.0004s, Rendered in 0.0125s, Displayed in 0.0006s
FPS: 71, Animated in 0.0005s, Rendered in 0.0123s, Displayed in 0.0007s
FPS: 71, Animated in 0.0005s, Rendered in 0.0122s, Displayed in 0.0006s
FPS: 73, Animated in 0.0004s, Rendered in 0.0094s, Displayed in 0.0004s
FPS: 71, Animated in 0.0010s, Rendered in 0.0121s, Displayed in 0.0007s
FPS: 72, Animated in 0.0003s, Rendered in 0.0120s, Displayed in 0.0007s
FPS: 72, Animated in 0.0003s, Rendered in 0.0122s, Displayed in 0.0006s
FPS: 72, Animated in 0.0004s, Rendered in 0.0120s, Displayed in 0.0007s
FPS: 73, Animated in 0.0003s, Rendered in 0.0120s, Displayed in 0.0007s
FPS: 73, Animated in 0.0003s, Rendered in 0.0121s, Displayed in 0.0006s
FPS: 74, Animated in 0.0003s, Rendered in 0.0101s, Displayed in 0.0004s
FPS: 70, Animated in 0.0275s, Rendered in 0.0118s, Displayed in 0.0007s
FPS: 72, Animated in 0.0003s, Rendered in 0.0119s, Displayed in 0.0006s
FPS: 72, Animated in 0.0004s, Rendered in 0.0119s, Displayed in 0.0006s
FPS: 72, Animated in 0.0004s, Rendered in 0.0120s, Displayed in 0.0006s
FPS: 72, Animated in 0.0004s, Rendered in 0.0120s, Displayed in 0.0006s
FPS: 72, Animated in 0.0003s, Rendered in 0.0120s, Displayed in 0.0007s
FPS: 73, Animated in 0.0003s, Rendered in 0.0104s, Displayed in 0.0004s
FPS: 72, Animated in 0.0009s, Rendered in 0.0122s, Displayed in 0.0006s
FPS: 72, Animated in 0.0004s, Rendered in 0.0123s, Displayed in 0.0006s
FPS: 72, Animated in 0.0004s, Rendered in 0.0123s, Displayed in 0.0007s
FPS: 73, Animated in 0.0004s, Rendered in 0.0122s, Displayed in 0.0006s
FPS: 73, Animated in 0.0004s, Rendered in 0.0124s, Displayed in 0.0007s
FPS: 73, Animated in 0.0003s, Rendered in 0.0125s, Displayed in 0.0007s
FPS: 75, Animated in 0.0003s, Rendered in 0.0099s, Displayed in 0.0005s
FPS: 70, Animated in 0.0275s, Rendered in 0.0123s, Displayed in 0.0007s
FPS: 73, Animated in 0.0003s, Rendered in 0.0124s, Displayed in 0.0006s
FPS: 72, Animated in 0.0004s, Rendered in 0.0125s, Displayed in 0.0006s
FPS: 73, Animated in 0.0004s, Rendered in 0.0125s, Displayed in 0.0006s
FPS: 73, Animated in 0.0003s, Rendered in 0.0125s, Displayed in 0.0007s
FPS: 73, Animated in 0.0004s, Rendered in 0.0123s, Displayed in 0.0007s
FPS: 74, Animated in 0.0004s, Rendered in 0.0096s, Displayed in 0.0004s
FPS: 73, Animated in 0.0008s, Rendered in 0.0125s, Displayed in 0.0007s
FPS: 73, Animated in 0.0003s, Rendered in 0.0124s, Displayed in 0.0007s
FPS: 74, Animated in 0.0003s, Rendered in 0.0125s, Displayed in 0.0006s
FPS: 74, Animated in 0.0004s, Rendered in 0.0125s, Displayed in 0.0006s
FPS: 74, Animated in 0.0004s, Rendered in 0.0125s, Displayed in 0.0007s
FPS: 74, Animated in 0.0004s, Rendered in 0.0123s, Displayed in 0.0007s
FPS: 71, Animated in 0.0280s, Rendered in 0.0124s, Displayed in 0.0007s
FPS: 73, Animated in 0.0003s, Rendered in 0.0125s, Displayed in 0.0007s
FPS: 73, Animated in 0.0003s, Rendered in 0.0126s, Displayed in 0.0006s
FPS: 73, Animated in 0.0004s, Rendered in 0.0125s, Displayed in 0.0006s
FPS: 73, Animated in 0.0005s, Rendered in 0.0125s, Displayed in 0.0006s
FPS: 73, Animated in 0.0005s, Rendered in 0.0125s, Displayed in 0.0007s
FPS: 74, Animated in 0.0003s, Rendered in 0.0096s, Displayed in 0.0004s
FPS: 73, Animated in 0.0010s, Rendered in 0.0125s, Displayed in 0.0007s
FPS: 73, Animated in 0.0003s, Rendered in 0.0126s, Displayed in 0.0007s
FPS: 74, Animated in 0.0003s, Rendered in 0.0127s, Displayed in 0.0006s
FPS: 74, Animated in 0.0005s, Rendered in 0.0125s, Displayed in 0.0007s
FPS: 74, Animated in 0.0003s, Rendered in 0.0127s, Displayed in 0.0006s
FPS: 74, Animated in 0.0004s, Rendered in 0.0126s, Displayed in 0.0006s
FPS: 70, Animated in 0.0280s, Rendered in 0.0126s, Displayed in 0.0006s
FPS: 73, Animated in 0.0003s, Rendered in 0.0127s, Displayed in 0.0006s
FPS: 72, Animated in 0.0005s, Rendered in 0.0125s, Displayed in 0.0007s
FPS: 72, Animated in 0.0003s, Rendered in 0.0127s, Displayed in 0.0006s
FPS: 72, Animated in 0.0004s, Rendered in 0.0126s, Displayed in 0.0007s
FPS: 72, Animated in 0.0003s, Rendered in 0.0126s, Displayed in 0.0007s
FPS: 74, Animated in 0.0004s, Rendered in 0.0094s, Displayed in 0.0004s
FPS: 73, Animated in 0.0009s, Rendered in 0.0126s, Displayed in 0.0006s
FPS: 73, Animated in 0.0004s, Rendered in 0.0126s, Displayed in 0.0007s
FPS: 72, Animated in 0.0004s, Rendered in 0.0125s, Displayed in 0.0006s
FPS: 73, Animated in 0.0004s, Rendered in 0.0126s, Displayed in 0.0006s
FPS: 73, Animated in 0.0004s, Rendered in 0.0126s, Displayed in 0.0007s
FPS: 73, Animated in 0.0005s, Rendered in 0.0125s, Displayed in 0.0006s
FPS: 70, Animated in 0.0279s, Rendered in 0.0125s, Displayed in 0.0007s
FPS: 72, Animated in 0.0005s, Rendered in 0.0125s, Displayed in 0.0006s
FPS: 72, Animated in 0.0005s, Rendered in 0.0127s, Displayed in 0.0006s
FPS: 72, Animated in 0.0004s, Rendered in 0.0126s, Displayed in 0.0007s
FPS: 72, Animated in 0.0005s, Rendered in 0.0124s, Displayed in 0.0007s
FPS: 72, Animated in 0.0004s, Rendered in 0.0126s, Displayed in 0.0006s
FPS: 73, Animated in 0.0004s, Rendered in 0.0093s, Displayed in 0.0004s
FPS: 72, Animated in 0.0010s, Rendered in 0.0125s, Displayed in 0.0007s
FPS: 72, Animated in 0.0005s, Rendered in 0.0126s, Displayed in 0.0006s
FPS: 72, Animated in 0.0004s, Rendered in 0.0126s, Displayed in 0.0007s
FPS: 72, Animated in 0.0004s, Rendered in 0.0127s, Displayed in 0.0006s
FPS: 72, Animated in 0.0004s, Rendered in 0.0126s, Displayed in 0.0007s
FPS: 72, Animated in 0.0003s, Rendered in 0.0127s, Displayed in 0.0006s
FPS: 69, Animated in 0.0280s, Rendered in 0.0125s, Displayed in 0.0006s
FPS: 71, Animated in 0.0004s, Rendered in 0.0126s, Displayed in 0.0006s
FPS: 71, Animated in 0.0004s, Rendered in 0.0126s, Displayed in 0.0007s
FPS: 71, Animated in 0.0004s, Rendered in 0.0125s, Displayed in 0.0006s
FPS: 71, Animated in 0.0004s, Rendered in 0.0126s, Displayed in 0.0007s
FPS: 71, Animated in 0.0003s, Rendered in 0.0126s, Displayed in 0.0007s
FPS: 73, Animated in 0.0005s, Rendered in 0.0093s, Displayed in 0.0004s
FPS: 71, Animated in 0.0009s, Rendered in 0.0126s, Displayed in 0.0006s
FPS: 71, Animated in 0.0004s, Rendered in 0.0126s, Displayed in 0.0007s
FPS: 71, Animated in 0.0004s, Rendered in 0.0125s, Displayed in 0.0006s
FPS: 71, Animated in 0.0004s, Rendered in 0.0126s, Displayed in 0.0007s
FPS: 72, Animated in 0.0003s, Rendered in 0.0126s, Displayed in 0.0007s
FPS: 72, Animated in 0.0003s, Rendered in 0.0127s, Displayed in 0.0006s
FPS: 69, Animated in 0.0279s, Rendered in 0.0126s, Displayed in 0.0007s
FPS: 71, Animated in 0.0004s, Rendered in 0.0125s, Displayed in 0.0006s
FPS: 71, Animated in 0.0004s, Rendered in 0.0126s, Displayed in 0.0007s
FPS: 71, Animated in 0.0003s, Rendered in 0.0127s, Displayed in 0.0006s
FPS: 71, Animated in 0.0004s, Rendered in 0.0126s, Displayed in 0.0007s
FPS: 71, Animated in 0.0003s, Rendered in 0.0125s, Displayed in 0.0007s
FPS: 73, Animated in 0.0004s, Rendered in 0.0094s, Displayed in 0.0004s
FPS: 71, Animated in 0.0010s, Rendered in 0.0125s, Displayed in 0.0006s
FPS: 71, Animated in 0.0004s, Rendered in 0.0126s, Displayed in 0.0007s
FPS: 71, Animated in 0.0004s, Rendered in 0.0125s, Displayed in 0.0007s
FPS: 71, Animated in 0.0004s, Rendered in 0.0126s, Displayed in 0.0007s
FPS: 72, Animated in 0.0004s, Rendered in 0.0125s, Displayed in 0.0006s
FPS: 72, Animated in 0.0005s, Rendered in 0.0125s, Displayed in 0.0006s
FPS: 69, Animated in 0.0279s, Rendered in 0.0123s, Displayed in 0.0006s
FPS: 71, Animated in 0.0005s, Rendered in 0.0125s, Displayed in 0.0006s
FPS: 71, Animated in 0.0005s, Rendered in 0.0125s, Displayed in 0.0006s
FPS: 71, Animated in 0.0005s, Rendered in 0.0125s, Displayed in 0.0007s
FPS: 71, Animated in 0.0004s, Rendered in 0.0124s, Displayed in 0.0006s
FPS: 71, Animated in 0.0004s, Rendered in 0.0125s, Displayed in 0.0006s
FPS: 73, Animated in 0.0005s, Rendered in 0.0096s, Displayed in 0.0004s
FPS: 71, Animated in 0.0009s, Rendered in 0.0125s, Displayed in 0.0006s
FPS: 71, Animated in 0.0005s, Rendered in 0.0125s, Displayed in 0.0006s
FPS: 71, Animated in 0.0004s, Rendered in 0.0125s, Displayed in 0.0006s
FPS: 71, Animated in 0.0005s, Rendered in 0.0124s, Displayed in 0.0006s
FPS: 72, Animated in 0.0004s, Rendered in 0.0125s, Displayed in 0.0006s
FPS: 72, Animated in 0.0005s, Rendered in 0.0125s, Displayed in 0.0006s
FPS: 69, Animated in 0.0280s, Rendered in 0.0123s, Displayed in 0.0006s
FPS: 72, Animated in 0.0004s, Rendered in 0.0125s, Displayed in 0.0006s
FPS: 71, Animated in 0.0005s, Rendered in 0.0125s, Displayed in 0.0007s
FPS: 72, Animated in 0.0005s, Rendered in 0.0123s, Displayed in 0.0006s
FPS: 71, Animated in 0.0005s, Rendered in 0.0125s, Displayed in 0.0007s
FPS: 71, Animated in 0.0004s, Rendered in 0.0125s, Displayed in 0.0007s
FPS: 73, Animated in 0.0004s, Rendered in 0.0096s, Displayed in 0.0004s
FPS: 71, Animated in 0.0009s, Rendered in 0.0125s, Displayed in 0.0006s
FPS: 72, Animated in 0.0005s, Rendered in 0.0125s, Displayed in 0.0006s
FPS: 71, Animated in 0.0006s, Rendered in 0.0124s, Displayed in 0.0007s
FPS: 72, Animated in 0.0004s, Rendered in 0.0126s, Displayed in 0.0006s
FPS: 72, Animated in 0.0005s, Rendered in 0.0125s, Displayed in 0.0007s
FPS: 72, Animated in 0.0004s, Rendered in 0.0125s, Displayed in 0.0007s
FPS: 69, Animated in 0.0280s, Rendered in 0.0124s, Displayed in 0.0007s
FPS: 71, Animated in 0.0004s, Rendered in 0.0127s, Displayed in 0.0006s
FPS: 71, Animated in 0.0005s, Rendered in 0.0126s, Displayed in 0.0007s
FPS: 71, Animated in 0.0005s, Rendered in 0.0126s, Displayed in 0.0007s
FPS: 71, Animated in 0.0004s, Rendered in 0.0127s, Displayed in 0.0007s
FPS: 71, Animated in 0.0004s, Rendered in 0.0126s, Displayed in 0.0006s
FPS: 73, Animated in 0.0005s, Rendered in 0.0094s, Displayed in 0.0004s
FPS: 71, Animated in 0.0010s, Rendered in 0.0126s, Displayed in 0.0006s
FPS: 71, Animated in 0.0005s, Rendered in 0.0126s, Displayed in 0.0007s
FPS: 71, Animated in 0.0005s, Rendered in 0.0126s, Displayed in 0.0007s
FPS: 71, Animated in 0.0004s, Rendered in 0.0127s, Displayed in 0.0007s
FPS: 72, Animated in 0.0004s, Rendered in 0.0126s, Displayed in 0.0006s
FPS: 72, Animated in 0.0005s, Rendered in 0.0127s, Displayed in 0.0006s
FPS: 69, Animated in 0.0280s, Rendered in 0.0125s, Displayed in 0.0006s
FPS: 71, Animated in 0.0005s, Rendered in 0.0127s, Displayed in 0.0006s
FPS: 71, Animated in 0.0005s, Rendered in 0.0126s, Displayed in 0.0007s
FPS: 71, Animated in 0.0003s, Rendered in 0.0127s, Displayed in 0.0006s
FPS: 71, Animated in 0.0005s, Rendered in 0.0127s, Displayed in 0.0006s
FPS: 71, Animated in 0.0003s, Rendered in 0.0127s, Displayed in 0.0007s
FPS: 73, Animated in 0.0003s, Rendered in 0.0093s, Displayed in 0.0004s
FPS: 71, Animated in 0.0009s, Rendered in 0.0127s, Displayed in 0.0006s
FPS: 71, Animated in 0.0005s, Rendered in 0.0126s, Displayed in 0.0006s
FPS: 71, Animated in 0.0005s, Rendered in 0.0126s, Displayed in 0.0007s
FPS: 71, Animated in 0.0005s, Rendered in 0.0126s, Displayed in 0.0007s
FPS: 72, Animated in 0.0004s, Rendered in 0.0127s, Displayed in 0.0007s
FPS: 72, Animated in 0.0004s, Rendered in 0.0126s, Displayed in 0.0007s
FPS: 69, Animated in 0.0281s, Rendered in 0.0125s, Displayed in 0.0006s
FPS: 71, Animated in 0.0004s, Rendered in 0.0127s, Displayed in 0.0006s
FPS: 71, Animated in 0.0004s, Rendered in 0.0126s, Displayed in 0.0007s
FPS: 71, Animated in 0.0005s, Rendered in 0.0126s, Displayed in 0.0007s
FPS: 71, Animated in 0.0003s, Rendered in 0.0127s, Displayed in 0.0006s
FPS: 71, Animated in 0.0005s, Rendered in 0.0127s, Displayed in 0.0006s
FPS: 72, Animated in 0.0003s, Rendered in 0.0094s, Displayed in 0.0004s
FPS: 71, Animated in 0.0008s, Rendered in 0.0127s, Displayed in 0.0007s
FPS: 71, Animated in 0.0003s, Rendered in 0.0127s, Displayed in 0.0007s
FPS: 71, Animated in 0.0003s, Rendered in 0.0126s, Displayed in 0.0006s
FPS: 71, Animated in 0.0004s, Rendered in 0.0127s, Displayed in 0.0006s
FPS: 72, Animated in 0.0003s, Rendered in 0.0127s, Displayed in 0.0007s
FPS: 72, Animated in 0.0003s, Rendered in 0.0127s, Displayed in 0.0006s
FPS: 69, Animated in 0.0278s, Rendered in 0.0127s, Displayed in 0.0007s
FPS: 71, Animated in 0.0003s, Rendered in 0.0127s, Displayed in 0.0006s
FPS: 71, Animated in 0.0004s, Rendered in 0.0126s, Displayed in 0.0007s
FPS: 71, Animated in 0.0003s, Rendered in 0.0127s, Displayed in 0.0007s
FPS: 71, Animated in 0.0005s, Rendered in 0.0126s, Displayed in 0.0006s
FPS: 71, Animated in 0.0003s, Rendered in 0.0127s, Displayed in 0.0006s
FPS: 72, Animated in 0.0004s, Rendered in 0.0093s, Displayed in 0.0004s
FPS: 71, Animated in 0.0010s, Rendered in 0.0126s, Displayed in 0.0007s
FPS: 71, Animated in 0.0003s, Rendered in 0.0127s, Displayed in 0.0007s
FPS: 71, Animated in 0.0003s, Rendered in 0.0127s, Displayed in 0.0006s
FPS: 71, Animated in 0.0005s, Rendered in 0.0126s, Displayed in 0.0006s
FPS: 72, Animated in 0.0003s, Rendered in 0.0127s, Displayed in 0.0007s
FPS: 72, Animated in 0.0004s, Rendered in 0.0127s, Displayed in 0.0006s
FPS: 69, Animated in 0.0280s, Rendered in 0.0127s, Displayed in 0.0006s
FPS: 71, Animated in 0.0004s, Rendered in 0.0126s, Displayed in 0.0007s
FPS: 71, Animated in 0.0004s, Rendered in 0.0125s, Displayed in 0.0006s
FPS: 71, Animated in 0.0004s, Rendered in 0.0126s, Displayed in 0.0007s
FPS: 71, Animated in 0.0003s, Rendered in 0.0127s, Displayed in 0.0006s
FPS: 71, Animated in 0.0003s, Rendered in 0.0127s, Displayed in 0.0006s
FPS: 72, Animated in 0.0004s, Rendered in 0.0094s, Displayed in 0.0005s
FPS: 71, Animated in 0.0008s, Rendered in 0.0125s, Displayed in 0.0007s
FPS: 71, Animated in 0.0003s, Rendered in 0.0125s, Displayed in 0.0007s
FPS: 71, Animated in 0.0003s, Rendered in 0.0125s, Displayed in 0.0007s
FPS: 71, Animated in 0.0003s, Rendered in 0.0125s, Displayed in 0.0007s
FPS: 72, Animated in 0.0003s, Rendered in 0.0125s, Displayed in 0.0007s
FPS: 72, Animated in 0.0004s, Rendered in 0.0124s, Displayed in 0.0007s
FPS: 69, Animated in 0.0277s, Rendered in 0.0125s, Displayed in 0.0007s
FPS: 71, Animated in 0.0003s, Rendered in 0.0124s, Displayed in 0.0007s
FPS: 71, Animated in 0.0003s, Rendered in 0.0125s, Displayed in 0.0007s
FPS: 71, Animated in 0.0004s, Rendered in 0.0125s, Displayed in 0.0007s
FPS: 71, Animated in 0.0003s, Rendered in 0.0125s, Displayed in 0.0007s
FPS: 71, Animated in 0.0003s, Rendered in 0.0125s, Displayed in 0.0007s
FPS: 72, Animated in 0.0003s, Rendered in 0.0096s, Displayed in 0.0004s
FPS: 71, Animated in 0.0009s, Rendered in 0.0125s, Displayed in 0.0007s
FPS: 71, Animated in 0.0003s, Rendered in 0.0125s, Displayed in 0.0007s
FPS: 71, Animated in 0.0004s, Rendered in 0.0125s, Displayed in 0.0007s
FPS: 71, Animated in 0.0005s, Rendered in 0.0125s, Displayed in 0.0006s
FPS: 72, Animated in 0.0005s, Rendered in 0.0124s, Displayed in 0.0006s
FPS: 72, Animated in 0.0004s, Rendered in 0.0125s, Displayed in 0.0006s
FPS: 69, Animated in 0.0279s, Rendered in 0.0124s, Displayed in 0.0007s
FPS: 71, Animated in 0.0004s, Rendered in 0.0125s, Displayed in 0.0007s
FPS: 71, Animated in 0.0004s, Rendered in 0.0125s, Displayed in 0.0007s
FPS: 71, Animated in 0.0005s, Rendered in 0.0126s, Displayed in 0.0007s
FPS: 71, Animated in 0.0004s, Rendered in 0.0125s, Displayed in 0.0007s
FPS: 71, Animated in 0.0005s, Rendered in 0.0126s, Displayed in 0.0006s
FPS: 73, Animated in 0.0005s, Rendered in 0.0095s, Displayed in 0.0004s
FPS: 71, Animated in 0.0009s, Rendered in 0.0126s, Displayed in 0.0006s
FPS: 71, Animated in 0.0004s, Rendered in 0.0126s, Displayed in 0.0007s
FPS: 71, Animated in 0.0003s, Rendered in 0.0127s, Displayed in 0.0007s
FPS: 71, Animated in 0.0003s, Rendered in 0.0125s, Displayed in 0.0007s
FPS: 72, Animated in 0.0003s, Rendered in 0.0127s, Displayed in 0.0006s
FPS: 72, Animated in 0.0004s, Rendered in 0.0126s, Displayed in 0.0006s
FPS: 69, Animated in 0.0280s, Rendered in 0.0126s, Displayed in 0.0006s
FPS: 71, Animated in 0.0004s, Rendered in 0.0126s, Displayed in 0.0007s
FPS: 71, Animated in 0.0003s, Rendered in 0.0125s, Displayed in 0.0007s
FPS: 71, Animated in 0.0003s, Rendered in 0.0127s, Displayed in 0.0006s
FPS: 71, Animated in 0.0004s, Rendered in 0.0126s, Displayed in 0.0007s
FPS: 71, Animated in 0.0004s, Rendered in 0.0126s, Displayed in 0.0006s
FPS: 73, Animated in 0.0003s, Rendered in 0.0095s, Displayed in 0.0004s
FPS: 71, Animated in 0.0009s, Rendered in 0.0126s, Displayed in 0.0007s
FPS: 71, Animated in 0.0004s, Rendered in 0.0125s, Displayed in 0.0006s
FPS: 71, Animated in 0.0004s, Rendered in 0.0126s, Displayed in 0.0006s
FPS: 71, Animated in 0.0003s, Rendered in 0.0127s, Displayed in 0.0006s
FPS: 72, Animated in 0.0003s, Rendered in 0.0126s, Displayed in 0.0006s
FPS: 72, Animated in 0.0004s, Rendered in 0.0126s, Displayed in 0.0006s
FPS: 69, Animated in 0.0278s, Rendered in 0.0125s, Displayed in 0.0007s
FPS: 71, Animated in 0.0003s, Rendered in 0.0127s, Displayed in 0.0006s
FPS: 71, Animated in 0.0004s, Rendered in 0.0126s, Displayed in 0.0007s
FPS: 71, Animated in 0.0003s, Rendered in 0.0126s, Displayed in 0.0007s
FPS: 71, Animated in 0.0004s, Rendered in 0.0125s, Displayed in 0.0006s
FPS: 71, Animated in 0.0004s, Rendered in 0.0126s, Displayed in 0.0007s
FPS: 73, Animated in 0.0003s, Rendered in 0.0095s, Displayed in 0.0004s
FPS: 71, Animated in 0.0009s, Rendered in 0.0126s, Displayed in 0.0006s
FPS: 71, Animated in 0.0004s, Rendered in 0.0126s, Displayed in 0.0007s
FPS: 71, Animated in 0.0004s, Rendered in 0.0127s, Displayed in 0.0007s
FPS: 71, Animated in 0.0003s, Rendered in 0.0125s, Displayed in 0.0007s
FPS: 72, Animated in 0.0003s, Rendered in 0.0127s, Displayed in 0.0006s
FPS: 72, Animated in 0.0004s, Rendered in 0.0126s, Displayed in 0.0007s
FPS: 69, Animated in 0.0280s, Rendered in 0.0126s, Displayed in 0.0006s
FPS: 71, Animated in 0.0004s, Rendered in 0.0126s, Displayed in 0.0007s
FPS: 71, Animated in 0.0003s, Rendered in 0.0125s, Displayed in 0.0007s
FPS: 71, Animated in 0.0003s, Rendered in 0.0127s, Displayed in 0.0006s
FPS: 71, Animated in 0.0004s, Rendered in 0.0126s, Displayed in 0.0007s
FPS: 71, Animated in 0.0003s, Rendered in 0.0127s, Displayed in 0.0006s
FPS: 73, Animated in 0.0004s, Rendered in 0.0094s, Displayed in 0.0004s
FPS: 71, Animated in 0.0009s, Rendered in 0.0126s, Displayed in 0.0007s
FPS: 71, Animated in 0.0004s, Rendered in 0.0125s, Displayed in 0.0006s
FPS: 71, Animated in 0.0004s, Rendered in 0.0126s, Displayed in 0.0007s
FPS: 71, Animated in 0.0004s, Rendered in 0.0127s, Displayed in 0.0006s
FPS: 72, Animated in 0.0005s, Rendered in 0.0126s, Displayed in 0.0007s
FPS: 72, Animated in 0.0004s, Rendered in 0.0125s, Displayed in 0.0006s
FPS: 69, Animated in 0.0280s, Rendered in 0.0125s, Displayed in 0.0006s
FPS: 71, Animated in 0.0005s, Rendered in 0.0126s, Displayed in 0.0006s
FPS: 71, Animated in 0.0003s, Rendered in 0.0126s, Displayed in 0.0007s
FPS: 71, Animated in 0.0004s, Rendered in 0.0126s, Displayed in 0.0007s
FPS: 71, Animated in 0.0003s, Rendered in 0.0126s, Displayed in 0.0006s
FPS: 71, Animated in 0.0003s, Rendered in 0.0127s, Displayed in 0.0006s
FPS: 73, Animated in 0.0004s, Rendered in 0.0095s, Displayed in 0.0004s
FPS: 71, Animated in 0.0008s, Rendered in 0.0127s, Displayed in 0.0006s
FPS: 71, Animated in 0.0003s, Rendered in 0.0126s, Displayed in 0.0006s
FPS: 71, Animated in 0.0004s, Rendered in 0.0126s, Displayed in 0.0007s
FPS: 71, Animated in 0.0003s, Rendered in 0.0125s, Displayed in 0.0007s
FPS: 72, Animated in 0.0003s, Rendered in 0.0125s, Displayed in 0.0007s
FPS: 72, Animated in 0.0003s, Rendered in 0.0126s, Displayed in 0.0006s
FPS: 69, Animated in 0.0279s, Rendered in 0.0125s, Displayed in 0.0007s
FPS: 71, Animated in 0.0003s, Rendered in 0.0125s, Displayed in 0.0007s
FPS: 71, Animated in 0.0005s, Rendered in 0.0123s, Displayed in 0.0007s
FPS: 71, Animated in 0.0003s, Rendered in 0.0125s, Displayed in 0.0006s
FPS: 71, Animated in 0.0004s, Rendered in 0.0125s, Displayed in 0.0006s
FPS: 71, Animated in 0.0004s, Rendered in 0.0125s, Displayed in 0.0006s
FPS: 73, Animated in 0.0005s, Rendered in 0.0095s, Displayed in 0.0004s
FPS: 71, Animated in 0.0009s, Rendered in 0.0125s, Displayed in 0.0006s
FPS: 71, Animated in 0.0005s, Rendered in 0.0125s, Displayed in 0.0007s
FPS: 71, Animated in 0.0003s, Rendered in 0.0124s, Displayed in 0.0006s
FPS: 71, Animated in 0.0004s, Rendered in 0.0125s, Displayed in 0.0006s
FPS: 72, Animated in 0.0004s, Rendered in 0.0125s, Displayed in 0.0006s
FPS: 72, Animated in 0.0004s, Rendered in 0.0125s, Displayed in 0.0007s
FPS: 69, Animated in 0.0277s, Rendered in 0.0124s, Displayed in 0.0007s
FPS: 71, Animated in 0.0003s, Rendered in 0.0125s, Displayed in 0.0007s
FPS: 71, Animated in 0.0005s, Rendered in 0.0123s, Displayed in 0.0007s
FPS: 71, Animated in 0.0004s, Rendered in 0.0125s, Displayed in 0.0007s
FPS: 71, Animated in 0.0004s, Rendered in 0.0125s, Displayed in 0.0007s
FPS: 71, Animated in 0.0005s, Rendered in 0.0123s, Displayed in 0.0007s
FPS: 73, Animated in 0.0005s, Rendered in 0.0094s, Displayed in 0.0004s
FPS: 71, Animated in 0.0009s, Rendered in 0.0125s, Displayed in 0.0007s
FPS: 71, Animated in 0.0005s, Rendered in 0.0124s, Displayed in 0.0006s
FPS: 71, Animated in 0.0004s, Rendered in 0.0126s, Displayed in 0.0006s
FPS: 72, Animated in 0.0003s, Rendered in 0.0125s, Displayed in 0.0007s
FPS: 72, Animated in 0.0003s, Rendered in 0.0125s, Displayed in 0.0008s
FPS: 73, Animated in 0.0004s, Rendered in 0.0123s, Displayed in 0.0007s
FPS: 69, Animated in 0.0279s, Rendered in 0.0125s, Displayed in 0.0007s
FPS: 72, Animated in 0.0004s, Rendered in 0.0125s, Displayed in 0.0006s
FPS: 72, Animated in 0.0004s, Rendered in 0.0125s, Displayed in 0.0006s
FPS: 72, Animated in 0.0004s, Rendered in 0.0126s, Displayed in 0.0006s
FPS: 71, Animated in 0.0005s, Rendered in 0.0125s, Displayed in 0.0007s
FPS: 71, Animated in 0.0004s, Rendered in 0.0125s, Displayed in 0.0006s
FPS: 73, Animated in 0.0003s, Rendered in 0.0096s, Displayed in 0.0005s
FPS: 71, Animated in 0.0009s, Rendered in 0.0126s, Displayed in 0.0006s
FPS: 72, Animated in 0.0003s, Rendered in 0.0127s, Displayed in 0.0006s
FPS: 72, Animated in 0.0004s, Rendered in 0.0126s, Displayed in 0.0007s
FPS: 71, Animated in 0.0004s, Rendered in 0.0127s, Displayed in 0.0007s
FPS: 72, Animated in 0.0003s, Rendered in 0.0125s, Displayed in 0.0007s
FPS: 72, Animated in 0.0003s, Rendered in 0.0127s, Displayed in 0.0006s
FPS: 69, Animated in 0.0282s, Rendered in 0.0126s, Displayed in 0.0006s
FPS: 72, Animated in 0.0004s, Rendered in 0.0127s, Displayed in 0.0006s
FPS: 71, Animated in 0.0005s, Rendered in 0.0127s, Displayed in 0.0006s
FPS: 72, Animated in 0.0003s, Rendered in 0.0127s, Displayed in 0.0006s
FPS: 71, Animated in 0.0004s, Rendered in 0.0126s, Displayed in 0.0007s
FPS: 71, Animated in 0.0003s, Rendered in 0.0127s, Displayed in 0.0006s
FPS: 73, Animated in 0.0005s, Rendered in 0.0093s, Displayed in 0.0004s
FPS: 71, Animated in 0.0008s, Rendered in 0.0126s, Displayed in 0.0007s
FPS: 71, Animated in 0.0004s, Rendered in 0.0126s, Displayed in 0.0007s
FPS: 72, Animated in 0.0003s, Rendered in 0.0125s, Displayed in 0.0007s
FPS: 72, Animated in 0.0003s, Rendered in 0.0126s, Displayed in 0.0007s
FPS: 72, Animated in 0.0003s, Rendered in 0.0126s, Displayed in 0.0006s
FPS: 72, Animated in 0.0005s, Rendered in 0.0125s, Displayed in 0.0007s
FPS: 69, Animated in 0.0277s, Rendered in 0.0126s, Displayed in 0.0007s
FPS: 72, Animated in 0.0003s, Rendered in 0.0125s, Displayed in 0.0006s
FPS: 71, Animated in 0.0004s, Rendered in 0.0126s, Displayed in 0.0007s
FPS: 71, Animated in 0.0003s, Rendered in 0.0127s, Displayed in 0.0006s
FPS: 71, Animated in 0.0004s, Rendered in 0.0126s, Displayed in 0.0007s
FPS: 71, Animated in 0.0003s, Rendered in 0.0126s, Displayed in 0.0006s
FPS: 73, Animated in 0.0003s, Rendered in 0.0095s, Displayed in 0.0004s
FPS: 71, Animated in 0.0010s, Rendered in 0.0125s, Displayed in 0.0006s
FPS: 71, Animated in 0.0004s, Rendered in 0.0126s, Displayed in 0.0007s
FPS: 71, Animated in 0.0003s, Rendered in 0.0126s, Displayed in 0.0006s
FPS: 71, Animated in 0.0004s, Rendered in 0.0126s, Displayed in 0.0008s
FPS: 72, Animated in 0.0003s, Rendered in 0.0125s, Displayed in 0.0007s
FPS: 72, Animated in 0.0003s, Rendered in 0.0127s, Displayed in 0.0006s
FPS: 69, Animated in 0.0279s, Rendered in 0.0125s, Displayed in 0.0007s
FPS: 71, Animated in 0.0003s, Rendered in 0.0127s, Displayed in 0.0006s
FPS: 71, Animated in 0.0004s, Rendered in 0.0126s, Displayed in 0.0008s
FPS: 71, Animated in 0.0003s, Rendered in 0.0125s, Displayed in 0.0007s
FPS: 71, Animated in 0.0003s, Rendered in 0.0127s, Displayed in 0.0006s
FPS: 71, Animated in 0.0004s, Rendered in 0.0126s, Displayed in 0.0006s
FPS: 73, Animated in 0.0004s, Rendered in 0.0095s, Displayed in 0.0004s
FPS: 71, Animated in 0.0008s, Rendered in 0.0127s, Displayed in 0.0006s
FPS: 71, Animated in 0.0004s, Rendered in 0.0126s, Displayed in 0.0007s
FPS: 71, Animated in 0.0005s, Rendered in 0.0125s, Displayed in 0.0006s
FPS: 71, Animated in 0.0004s, Rendered in 0.0126s, Displayed in 0.0007s
FPS: 72, Animated in 0.0004s, Rendered in 0.0126s, Displayed in 0.0006s
FPS: 72, Animated in 0.0005s, Rendered in 0.0126s, Displayed in 0.0008s
FPS: 69, Animated in 0.0279s, Rendered in 0.0125s, Displayed in 0.0006s
FPS: 71, Animated in 0.0005s, Rendered in 0.0125s, Displayed in 0.0007s
FPS: 71, Animated in 0.0003s, Rendered in 0.0126s, Displayed in 0.0007s
FPS: 71, Animated in 0.0003s, Rendered in 0.0127s, Displayed in 0.0006s
FPS: 71, Animated in 0.0004s, Rendered in 0.0126s, Displayed in 0.0008s
FPS: 71, Animated in 0.0004s, Rendered in 0.0125s, Displayed in 0.0006s
FPS: 73, Animated in 0.0003s, Rendered in 0.0095s, Displayed in 0.0004s
FPS: 71, Animated in 0.0010s, Rendered in 0.0125s, Displayed in 0.0006s
FPS: 71, Animated in 0.0004s, Rendered in 0.0125s, Displayed in 0.0006s
FPS: 71, Animated in 0.0004s, Rendered in 0.0125s, Displayed in 0.0007s
FPS: 71, Animated in 0.0003s, Rendered in 0.0125s, Displayed in 0.0007s
FPS: 72, Animated in 0.0005s, Rendered in 0.0123s, Displayed in 0.0007s
FPS: 72, Animated in 0.0003s, Rendered in 0.0125s, Displayed in 0.0006s
FPS: 69, Animated in 0.0279s, Rendered in 0.0123s, Displayed in 0.0006s
FPS: 71, Animated in 0.0004s, Rendered in 0.0125s, Displayed in 0.0006s
FPS: 71, Animated in 0.0004s, Rendered in 0.0125s, Displayed in 0.0006s
FPS: 71, Animated in 0.0003s, Rendered in 0.0125s, Displayed in 0.0007s
FPS: 71, Animated in 0.0005s, Rendered in 0.0123s, Displayed in 0.0007s
FPS: 71, Animated in 0.0003s, Rendered in 0.0125s, Displayed in 0.0006s
FPS: 73, Animated in 0.0004s, Rendered in 0.0097s, Displayed in 0.0004s
FPS: 71, Animated in 0.0009s, Rendered in 0.0124s, Displayed in 0.0006s
FPS: 71, Animated in 0.0004s, Rendered in 0.0125s, Displayed in 0.0006s
FPS: 71, Animated in 0.0004s, Rendered in 0.0125s, Displayed in 0.0006s
FPS: 71, Animated in 0.0004s, Rendered in 0.0125s, Displayed in 0.0007s
FPS: 72, Animated in 0.0004s, Rendered in 0.0124s, Displayed in 0.0006s
FPS: 72, Animated in 0.0003s, Rendered in 0.0125s, Displayed in 0.0007s
FPS: 69, Animated in 0.0279s, Rendered in 0.0124s, Displayed in 0.0006s
FPS: 72, Animated in 0.0004s, Rendered in 0.0125s, Displayed in 0.0006s
FPS: 72, Animated in 0.0004s, Rendered in 0.0125s, Displayed in 0.0006s
FPS: 72, Animated in 0.0004s, Rendered in 0.0124s, Displayed in 0.0008s
FPS: 71, Animated in 0.0004s, Rendered in 0.0123s, Displayed in 0.0007s
FPS: 71, Animated in 0.0003s, Rendered in 0.0125s, Displayed in 0.0007s
FPS: 73, Animated in 0.0003s, Rendered in 0.0096s, Displayed in 0.0005s
FPS: 71, Animated in 0.0008s, Rendered in 0.0124s, Displayed in 0.0006s
FPS: 72, Animated in 0.0005s, Rendered in 0.0125s, Displayed in 0.0007s
FPS: 72, Animated in 0.0004s, Rendered in 0.0126s, Displayed in 0.0006s
FPS: 72, Animated in 0.0005s, Rendered in 0.0125s, Displayed in 0.0006s
FPS: 72, Animated in 0.0004s, Rendered in 0.0125s, Displayed in 0.0007s
FPS: 72, Animated in 0.0004s, Rendered in 0.0126s, Displayed in 0.0006s
FPS: 69, Animated in 0.0280s, Rendered in 0.0124s, Displayed in 0.0007s
FPS: 72, Animated in 0.0004s, Rendered in 0.0126s, Displayed in 0.0006s
FPS: 71, Animated in 0.0005s, Rendered in 0.0125s, Displayed in 0.0007s
FPS: 72, Animated in 0.0005s, Rendered in 0.0126s, Displayed in 0.0006s
FPS: 71, Animated in 0.0004s, Rendered in 0.0126s, Displayed in 0.0006s
FPS: 71, Animated in 0.0004s, Rendered in 0.0126s, Displayed in 0.0008s
FPS: 73, Animated in 0.0004s, Rendered in 0.0093s, Displayed in 0.0004s
FPS: 71, Animated in 0.0009s, Rendered in 0.0126s, Displayed in 0.0006s
FPS: 71, Animated in 0.0005s, Rendered in 0.0126s, Displayed in 0.0006s
FPS: 71, Animated in 0.0004s, Rendered in 0.0126s, Displayed in 0.0007s
FPS: 72, Animated in 0.0003s, Rendered in 0.0127s, Displayed in 0.0006s
FPS: 72, Animated in 0.0004s, Rendered in 0.0126s, Displayed in 0.0008s
FPS: 72, Animated in 0.0003s, Rendered in 0.0126s, Displayed in 0.0006s
FPS: 69, Animated in 0.0279s, Rendered in 0.0126s, Displayed in 0.0006s
FPS: 71, Animated in 0.0004s, Rendered in 0.0126s, Displayed in 0.0007s
FPS: 72, Animated in 0.0004s, Rendered in 0.0127s, Displayed in 0.0006s
FPS: 71, Animated in 0.0005s, Rendered in 0.0126s, Displayed in 0.0008s
FPS: 71, Animated in 0.0004s, Rendered in 0.0125s, Displayed in 0.0007s
FPS: 71, Animated in 0.0004s, Rendered in 0.0127s, Displayed in 0.0006s
FPS: 73, Animated in 0.0004s, Rendered in 0.0093s, Displayed in 0.0005s
FPS: 71, Animated in 0.0009s, Rendered in 0.0127s, Displayed in 0.0006s
FPS: 71, Animated in 0.0004s, Rendered in 0.0127s, Displayed in 0.0006s
FPS: 71, Animated in 0.0005s, Rendered in 0.0126s, Displayed in 0.0008s
FPS: 71, Animated in 0.0005s, Rendered in 0.0125s, Displayed in 0.0007s
FPS: 72, Animated in 0.0003s, Rendered in 0.0127s, Displayed in 0.0006s
FPS: 72, Animated in 0.0004s, Rendered in 0.0126s, Displayed in 0.0007s
FPS: 69, Animated in 0.0279s, Rendered in 0.0127s, Displayed in 0.0006s
FPS: 71, Animated in 0.0005s, Rendered in 0.0126s, Displayed in 0.0006s
FPS: 71, Animated in 0.0004s, Rendered in 0.0126s, Displayed in 0.0007s
FPS: 71, Animated in 0.0003s, Rendered in 0.0127s, Displayed in 0.0006s
FPS: 71, Animated in 0.0004s, Rendered in 0.0127s, Displayed in 0.0007s
FPS: 71, Animated in 0.0004s, Rendered in 0.0126s, Displayed in 0.0007s
FPS: 73, Animated in 0.0003s, Rendered in 0.0093s, Displayed in 0.0004s
FPS: 71, Animated in 0.0009s, Rendered in 0.0127s, Displayed in 0.0006s
FPS: 71, Animated in 0.0004s, Rendered in 0.0127s, Displayed in 0.0006s
FPS: 71, Animated in 0.0004s, Rendered in 0.0127s, Displayed in 0.0007s
FPS: 71, Animated in 0.0003s, Rendered in 0.0127s, Displayed in 0.0008s
FPS: 72, Animated in 0.0003s, Rendered in 0.0127s, Displayed in 0.0006s
FPS: 72, Animated in 0.0003s, Rendered in 0.0127s, Displayed in 0.0007s
FPS: 69, Animated in 0.0280s, Rendered in 0.0127s, Displayed in 0.0006s
FPS: 71, Animated in 0.0004s, Rendered in 0.0127s, Displayed in 0.0006s
FPS: 71, Animated in 0.0003s, Rendered in 0.0127s, Displayed in 0.0007s
FPS: 71, Animated in 0.0003s, Rendered in 0.0127s, Displayed in 0.0007s
FPS: 71, Animated in 0.0003s, Rendered in 0.0127s, Displayed in 0.0006s
FPS: 71, Animated in 0.0004s, Rendered in 0.0127s, Displayed in 0.0007s
FPS: 73, Animated in 0.0004s, Rendered in 0.0092s, Displayed in 0.0004s
FPS: 71, Animated in 0.0008s, Rendered in 0.0127s, Displayed in 0.0007s
FPS: 71, Animated in 0.0005s, Rendered in 0.0126s, Displayed in 0.0007s
FPS: 71, Animated in 0.0003s, Rendered in 0.0128s, Displayed in 0.0006s
FPS: 71, Animated in 0.0003s, Rendered in 0.0127s, Displayed in 0.0006s
FPS: 72, Animated in 0.0004s, Rendered in 0.0127s, Displayed in 0.0006s
FPS: 72, Animated in 0.0005s, Rendered in 0.0126s, Displayed in 0.0007s
FPS: 69, Animated in 0.0281s, Rendered in 0.0126s, Displayed in 0.0006s
FPS: 71, Animated in 0.0004s, Rendered in 0.0127s, Displayed in 0.0006s
FPS: 71, Animated in 0.0003s, Rendered in 0.0127s, Displayed in 0.0007s
FPS: 71, Animated in 0.0004s, Rendered in 0.0126s, Displayed in 0.0006s
FPS: 71, Animated in 0.0004s, Rendered in 0.0127s, Displayed in 0.0006s
FPS: 71, Animated in 0.0003s, Rendered in 0.0127s, Displayed in 0.0006s
FPS: 72, Animated in 0.0004s, Rendered in 0.0093s, Displayed in 0.0004s
FPS: 71, Animated in 0.0009s, Rendered in 0.0126s, Displayed in 0.0006s
FPS: 71, Animated in 0.0004s, Rendered in 0.0126s, Displayed in 0.0007s
FPS: 71, Animated in 0.0003s, Rendered in 0.0127s, Displayed in 0.0006s
FPS: 71, Animated in 0.0004s, Rendered in 0.0126s, Displayed in 0.0007s
FPS: 72, Animated in 0.0003s, Rendered in 0.0126s, Displayed in 0.0007s
FPS: 72, Animated in 0.0003s, Rendered in 0.0126s, Displayed in 0.0006s
FPS: 69, Animated in 0.0280s, Rendered in 0.0123s, Displayed in 0.0006s
FPS: 71, Animated in 0.0004s, Rendered in 0.0123s, Displayed in 0.0006s
FPS: 71, Animated in 0.0005s, Rendered in 0.0122s, Displayed in 0.0006s
FPS: 71, Animated in 0.0004s, Rendered in 0.0122s, Displayed in 0.0006s
FPS: 71, Animated in 0.0004s, Rendered in 0.0122s, Displayed in 0.0006s
FPS: 71, Animated in 0.0003s, Rendered in 0.0122s, Displayed in 0.0007s
FPS: 72, Animated in 0.0003s, Rendered in 0.0098s, Displayed in 0.0005s
FPS: 71, Animated in 0.0009s, Rendered in 0.0121s, Displayed in 0.0006s
FPS: 72, Animated in 0.0003s, Rendered in 0.0122s, Displayed in 0.0006s
FPS: 72, Animated in 0.0004s, Rendered in 0.0120s, Displayed in 0.0007s
FPS: 72, Animated in 0.0003s, Rendered in 0.0120s, Displayed in 0.0007s
FPS: 73, Animated in 0.0005s, Rendered in 0.0120s, Displayed in 0.0007s
FPS: 73, Animated in 0.0004s, Rendered in 0.0120s, Displayed in 0.0007s
FPS: 74, Animated in 0.0003s, Rendered in 0.0101s, Displayed in 0.0004s
FPS: 70, Animated in 0.0275s, Rendered in 0.0121s, Displayed in 0.0006s
FPS: 72, Animated in 0.0004s, Rendered in 0.0123s, Displayed in 0.0006s
FPS: 72, Animated in 0.0004s, Rendered in 0.0123s, Displayed in 0.0007s
FPS: 72, Animated in 0.0004s, Rendered in 0.0124s, Displayed in 0.0006s
FPS: 72, Animated in 0.0004s, Rendered in 0.0125s, Displayed in 0.0006s
FPS: 72, Animated in 0.0004s, Rendered in 0.0125s, Displayed in 0.0006s
FPS: 73, Animated in 0.0004s, Rendered in 0.0099s, Displayed in 0.0005s
FPS: 72, Animated in 0.0009s, Rendered in 0.0126s, Displayed in 0.0007s
FPS: 72, Animated in 0.0003s, Rendered in 0.0125s, Displayed in 0.0007s
FPS: 72, Animated in 0.0003s, Rendered in 0.0127s, Displayed in 0.0006s
FPS: 73, Animated in 0.0005s, Rendered in 0.0126s, Displayed in 0.0007s
FPS: 73, Animated in 0.0004s, Rendered in 0.0127s, Displayed in 0.0006s
FPS: 73, Animated in 0.0004s, Rendered in 0.0127s, Displayed in 0.0007s
FPS: 70, Animated in 0.0278s, Rendered in 0.0126s, Displayed in 0.0006s
FPS: 72, Animated in 0.0005s, Rendered in 0.0125s, Displayed in 0.0007s
FPS: 72, Animated in 0.0005s, Rendered in 0.0126s, Displayed in 0.0007s
FPS: 72, Animated in 0.0004s, Rendered in 0.0127s, Displayed in 0.0006s
FPS: 72, Animated in 0.0005s, Rendered in 0.0127s, Displayed in 0.0007s
FPS: 72, Animated in 0.0004s, Rendered in 0.0125s, Displayed in 0.0007s
FPS: 73, Animated in 0.0004s, Rendered in 0.0093s, Displayed in 0.0004s
FPS: 72, Animated in 0.0010s, Rendered in 0.0126s, Displayed in 0.0006s
FPS: 72, Animated in 0.0005s, Rendered in 0.0126s, Displayed in 0.0007s
FPS: 72, Animated in 0.0004s, Rendered in 0.0127s, Displayed in 0.0006s
FPS: 73, Animated in 0.0004s, Rendered in 0.0126s, Displayed in 0.0007s
FPS: 73, Animated in 0.0005s, Rendered in 0.0125s, Displayed in 0.0007s
FPS: 73, Animated in 0.0004s, Rendered in 0.0127s, Displayed in 0.0006s
FPS: 70, Animated in 0.0280s, Rendered in 0.0125s, Displayed in 0.0006s
FPS: 72, Animated in 0.0003s, Rendered in 0.0127s, Displayed in 0.0006s
FPS: 72, Animated in 0.0004s, Rendered in 0.0126s, Displayed in 0.0007s
FPS: 72, Animated in 0.0004s, Rendered in 0.0125s, Displayed in 0.0006s
FPS: 72, Animated in 0.0004s, Rendered in 0.0126s, Displayed in 0.0007s
FPS: 72, Animated in 0.0003s, Rendered in 0.0126s, Displayed in 0.0007s
FPS: 73, Animated in 0.0003s, Rendered in 0.0095s, Displayed in 0.0004s
FPS: 72, Animated in 0.0009s, Rendered in 0.0126s, Displayed in 0.0006s
FPS: 72, Animated in 0.0003s, Rendered in 0.0126s, Displayed in 0.0008s
FPS: 72, Animated in 0.0004s, Rendered in 0.0125s, Displayed in 0.0006s
FPS: 73, Animated in 0.0005s, Rendered in 0.0126s, Displayed in 0.0007s
FPS: 73, Animated in 0.0003s, Rendered in 0.0126s, Displayed in 0.0007s
FPS: 73, Animated in 0.0003s, Rendered in 0.0127s, Displayed in 0.0007s
FPS: 70, Animated in 0.0277s, Rendered in 0.0125s, Displayed in 0.0007s
FPS: 72, Animated in 0.0005s, Rendered in 0.0125s, Displayed in 0.0006s
FPS: 72, Animated in 0.0004s, Rendered in 0.0126s, Displayed in 0.0007s
FPS: 72, Animated in 0.0003s, Rendered in 0.0126s, Displayed in 0.0007s
FPS: 71, Animated in 0.0003s, Rendered in 0.0127s, Displayed in 0.0007s
FPS: 71, Animated in 0.0003s, Rendered in 0.0125s, Displayed in 0.0006s
FPS: 73, Animated in 0.0003s, Rendered in 0.0094s, Displayed in 0.0004s
FPS: 72, Animated in 0.0010s, Rendered in 0.0125s, Displayed in 0.0006s
FPS: 72, Animated in 0.0004s, Rendered in 0.0126s, Displayed in 0.0007s
FPS: 72, Animated in 0.0003s, Rendered in 0.0127s, Displayed in 0.0006s
FPS: 71, Animated in 0.0004s, Rendered in 0.0126s, Displayed in 0.0006s
FPS: 72, Animated in 0.0003s, Rendered in 0.0124s, Displayed in 0.0006s
FPS: 72, Animated in 0.0004s, Rendered in 0.0124s, Displayed in 0.0007s
FPS: 69, Animated in 0.0280s, Rendered in 0.0122s, Displayed in 0.0007s
FPS: 71, Animated in 0.0004s, Rendered in 0.0123s, Displayed in 0.0006s
FPS: 71, Animated in 0.0003s, Rendered in 0.0123s, Displayed in 0.0006s
FPS: 72, Animated in 0.0003s, Rendered in 0.0122s, Displayed in 0.0006s
FPS: 71, Animated in 0.0004s, Rendered in 0.0122s, Displayed in 0.0006s
FPS: 71, Animated in 0.0005s, Rendered in 0.0120s, Displayed in 0.0007s
FPS: 73, Animated in 0.0003s, Rendered in 0.0098s, Displayed in 0.0004s
FPS: 72, Animated in 0.0009s, Rendered in 0.0121s, Displayed in 0.0006s
FPS: 72, Animated in 0.0005s, Rendered in 0.0120s, Displayed in 0.0007s
FPS: 72, Animated in 0.0004s, Rendered in 0.0120s, Displayed in 0.0007s
FPS: 72, Animated in 0.0003s, Rendered in 0.0122s, Displayed in 0.0006s
FPS: 73, Animated in 0.0004s, Rendered in 0.0122s, Displayed in 0.0006s
FPS: 73, Animated in 0.0004s, Rendered in 0.0121s, Displayed in 0.0006s
FPS: 74, Animated in 0.0004s, Rendered in 0.0101s, Displayed in 0.0004s
FPS: 70, Animated in 0.0277s, Rendered in 0.0121s, Displayed in 0.0007s
FPS: 72, Animated in 0.0003s, Rendered in 0.0121s, Displayed in 0.0006s
FPS: 72, Animated in 0.0004s, Rendered in 0.0123s, Displayed in 0.0007s
FPS: 72, Animated in 0.0003s, Rendered in 0.0124s, Displayed in 0.0006s
FPS: 72, Animated in 0.0003s, Rendered in 0.0124s, Displayed in 0.0006s
FPS: 72, Animated in 0.0004s, Rendered in 0.0125s, Displayed in 0.0007s
FPS: 73, Animated in 0.0003s, Rendered in 0.0099s, Displayed in 0.0004s
FPS: 72, Animated in 0.0008s, Rendered in 0.0125s, Displayed in 0.0007s
FPS: 72, Animated in 0.0003s, Rendered in 0.0124s, Displayed in 0.0006s
FPS: 72, Animated in 0.0004s, Rendered in 0.0125s, Displayed in 0.0006s
FPS: 73, Animated in 0.0004s, Rendered in 0.0125s, Displayed in 0.0006s
FPS: 73, Animated in 0.0003s, Rendered in 0.0125s, Displayed in 0.0007s
FPS: 73, Animated in 0.0004s, Rendered in 0.0124s, Displayed in 0.0007s
FPS: 70, Animated in 0.0280s, Rendered in 0.0124s, Displayed in 0.0007s
FPS: 72, Animated in 0.0003s, Rendered in 0.0124s, Displayed in 0.0006s
FPS: 72, Animated in 0.0004s, Rendered in 0.0125s, Displayed in 0.0006s
FPS: 72, Animated in 0.0004s, Rendered in 0.0125s, Displayed in 0.0006s
FPS: 72, Animated in 0.0004s, Rendered in 0.0125s, Displayed in 0.0007s
FPS: 72, Animated in 0.0004s, Rendered in 0.0123s, Displayed in 0.0007s
FPS: 74, Animated in 0.0004s, Rendered in 0.0096s, Displayed in 0.0004s
FPS: 72, Animated in 0.0010s, Rendered in 0.0124s, Displayed in 0.0007s
FPS: 72, Animated in 0.0004s, Rendered in 0.0125s, Displayed in 0.0007s
FPS: 72, Animated in 0.0004s, Rendered in 0.0124s, Displayed in 0.0007s
FPS: 73, Animated in 0.0004s, Rendered in 0.0124s, Displayed in 0.0007s
FPS: 73, Animated in 0.0005s, Rendered in 0.0125s, Displayed in 0.0006s
FPS: 73, Animated in 0.0005s, Rendered in 0.0125s, Displayed in 0.0007s
FPS: 70, Animated in 0.0281s, Rendered in 0.0124s, Displayed in 0.0007s
FPS: 72, Animated in 0.0005s, Rendered in 0.0125s, Displayed in 0.0006s
FPS: 72, Animated in 0.0005s, Rendered in 0.0125s, Displayed in 0.0007s
FPS: 72, Animated in 0.0005s, Rendered in 0.0125s, Displayed in 0.0006s
FPS: 72, Animated in 0.0004s, Rendered in 0.0126s, Displayed in 0.0007s
FPS: 72, Animated in 0.0003s, Rendered in 0.0126s, Displayed in 0.0007s
FPS: 74, Animated in 0.0003s, Rendered in 0.0095s, Displayed in 0.0004s
FPS: 72, Animated in 0.0009s, Rendered in 0.0126s, Displayed in 0.0006s
FPS: 72, Animated in 0.0003s, Rendered in 0.0126s, Displayed in 0.0007s
FPS: 72, Animated in 0.0004s, Rendered in 0.0127s, Displayed in 0.0006s
FPS: 73, Animated in 0.0005s, Rendered in 0.0126s, Displayed in 0.0007s
FPS: 73, Animated in 0.0005s, Rendered in 0.0126s, Displayed in 0.0006s
FPS: 73, Animated in 0.0005s, Rendered in 0.0126s, Displayed in 0.0007s
FPS: 70, Animated in 0.0280s, Rendered in 0.0124s, Displayed in 0.0007s
FPS: 72, Animated in 0.0004s, Rendered in 0.0126s, Displayed in 0.0006s
FPS: 72, Animated in 0.0004s, Rendered in 0.0125s, Displayed in 0.0007s
FPS: 72, Animated in 0.0004s, Rendered in 0.0126s, Displayed in 0.0006s
FPS: 72, Animated in 0.0004s, Rendered in 0.0126s, Displayed in 0.0006s
FPS: 72, Animated in 0.0005s, Rendered in 0.0125s, Displayed in 0.0007s
FPS: 73, Animated in 0.0004s, Rendered in 0.0095s, Displayed in 0.0004s
FPS: 72, Animated in 0.0009s, Rendered in 0.0126s, Displayed in 0.0007s
FPS: 72, Animated in 0.0004s, Rendered in 0.0125s, Displayed in 0.0006s
FPS: 72, Animated in 0.0004s, Rendered in 0.0126s, Displayed in 0.0007s
FPS: 72, Animated in 0.0003s, Rendered in 0.0126s, Displayed in 0.0007s
FPS: 72, Animated in 0.0005s, Rendered in 0.0125s, Displayed in 0.0006s
FPS: 72, Animated in 0.0003s, Rendered in 0.0127s, Displayed in 0.0007s
FPS: 69, Animated in 0.0277s, Rendered in 0.0126s, Displayed in 0.0006s
FPS: 71, Animated in 0.0003s, Rendered in 0.0127s, Displayed in 0.0007s
FPS: 71, Animated in 0.0003s, Rendered in 0.0126s, Displayed in 0.0007s
FPS: 71, Animated in 0.0003s, Rendered in 0.0127s, Displayed in 0.0006s
FPS: 71, Animated in 0.0004s, Rendered in 0.0126s, Displayed in 0.0006s
FPS: 71, Animated in 0.0004s, Rendered in 0.0126s, Displayed in 0.0007s
FPS: 73, Animated in 0.0003s, Rendered in 0.0095s, Displayed in 0.0004s
FPS: 71, Animated in 0.0009s, Rendered in 0.0126s, Displayed in 0.0006s
FPS: 71, Animated in 0.0004s, Rendered in 0.0126s, Displayed in 0.0007s
FPS: 71, Animated in 0.0003s, Rendered in 0.0126s, Displayed in 0.0007s
FPS: 71, Animated in 0.0003s, Rendered in 0.0125s, Displayed in 0.0006s
FPS: 72, Animated in 0.0004s, Rendered in 0.0126s, Displayed in 0.0007s
FPS: 72, Animated in 0.0003s, Rendered in 0.0126s, Displayed in 0.0006s
FPS: 69, Animated in 0.0279s, Rendered in 0.0125s, Displayed in 0.0007s
FPS: 71, Animated in 0.0003s, Rendered in 0.0127s, Displayed in 0.0007s
FPS: 71, Animated in 0.0003s, Rendered in 0.0125s, Displayed in 0.0006s
FPS: 71, Animated in 0.0004s, Rendered in 0.0126s, Displayed in 0.0007s
FPS: 71, Animated in 0.0003s, Rendered in 0.0127s, Displayed in 0.0006s
FPS: 71, Animated in 0.0004s, Rendered in 0.0126s, Displayed in 0.0007s
FPS: 73, Animated in 0.0003s, Rendered in 0.0094s, Displayed in 0.0005s
FPS: 71, Animated in 0.0008s, Rendered in 0.0126s, Displayed in 0.0006s
FPS: 71, Animated in 0.0005s, Rendered in 0.0125s, Displayed in 0.0007s
FPS: 71, Animated in 0.0003s, Rendered in 0.0126s, Displayed in 0.0007s
FPS: 71, Animated in 0.0004s, Rendered in 0.0126s, Displayed in 0.0006s
FPS: 72, Animated in 0.0004s, Rendered in 0.0126s, Displayed in 0.0007s
FPS: 72, Animated in 0.0003s, Rendered in 0.0126s, Displayed in 0.0006s
FPS: 69, Animated in 0.0279s, Rendered in 0.0124s, Displayed in 0.0007s
FPS: 71, Animated in 0.0003s, Rendered in 0.0126s, Displayed in 0.0006s
FPS: 71, Animated in 0.0004s, Rendered in 0.0126s, Displayed in 0.0006s
FPS: 71, Animated in 0.0004s, Rendered in 0.0125s, Displayed in 0.0006s
FPS: 71, Animated in 0.0005s, Rendered in 0.0124s, Displayed in 0.0007s
FPS: 71, Animated in 0.0004s, Rendered in 0.0126s, Displayed in 0.0006s
FPS: 73, Animated in 0.0005s, Rendered in 0.0094s, Displayed in 0.0005s
FPS: 71, Animated in 0.0009s, Rendered in 0.0124s, Displayed in 0.0007s
FPS: 71, Animated in 0.0003s, Rendered in 0.0125s, Displayed in 0.0007s
FPS: 71, Animated in 0.0003s, Rendered in 0.0126s, Displayed in 0.0006s
FPS: 71, Animated in 0.0003s, Rendered in 0.0125s, Displayed in 0.0007s
FPS: 72, Animated in 0.0004s, Rendered in 0.0124s, Displayed in 0.0007s
FPS: 72, Animated in 0.0003s, Rendered in 0.0125s, Displayed in 0.0007s
FPS: 69, Animated in 0.0279s, Rendered in 0.0124s, Displayed in 0.0006s
FPS: 71, Animated in 0.0004s, Rendered in 0.0125s, Displayed in 0.0007s
FPS: 72, Animated in 0.0003s, Rendered in 0.0125s, Displayed in 0.0006s
FPS: 72, Animated in 0.0003s, Rendered in 0.0124s, Displayed in 0.0006s
FPS: 71, Animated in 0.0003s, Rendered in 0.0125s, Displayed in 0.0006s
FPS: 71, Animated in 0.0005s, Rendered in 0.0125s, Displayed in 0.0006s
FPS: 73, Animated in 0.0004s, Rendered in 0.0096s, Displayed in 0.0004s
FPS: 71, Animated in 0.0009s, Rendered in 0.0125s, Displayed in 0.0006s
FPS: 72, Animated in 0.0004s, Rendered in 0.0125s, Displayed in 0.0006s
FPS: 72, Animated in 0.0003s, Rendered in 0.0125s, Displayed in 0.0007s
FPS: 72, Animated in 0.0004s, Rendered in 0.0124s, Displayed in 0.0007s
FPS: 73, Animated in 0.0003s, Rendered in 0.0125s, Displayed in 0.0007s
FPS: 73, Animated in 0.0003s, Rendered in 0.0125s, Displayed in 0.0007s
FPS: 69, Animated in 0.0280s, Rendered in 0.0124s, Displayed in 0.0006s
FPS: 72, Animated in 0.0003s, Rendered in 0.0125s, Displayed in 0.0006s
FPS: 72, Animated in 0.0005s, Rendered in 0.0124s, Displayed in 0.0006s
FPS: 72, Animated in 0.0004s, Rendered in 0.0124s, Displayed in 0.0007s
FPS: 71, Animated in 0.0003s, Rendered in 0.0125s, Displayed in 0.0007s
FPS: 71, Animated in 0.0003s, Rendered in 0.0125s, Displayed in 0.0007s
FPS: 73, Animated in 0.0003s, Rendered in 0.0097s, Displayed in 0.0004s
FPS: 71, Animated in 0.0009s, Rendered in 0.0126s, Displayed in 0.0006s
FPS: 72, Animated in 0.0004s, Rendered in 0.0125s, Displayed in 0.0007s
FPS: 72, Animated in 0.0003s, Rendered in 0.0125s, Displayed in 0.0006s
FPS: 72, Animated in 0.0004s, Rendered in 0.0126s, Displayed in 0.0007s
FPS: 73, Animated in 0.0004s, Rendered in 0.0127s, Displayed in 0.0006s
FPS: 73, Animated in 0.0003s, Rendered in 0.0126s, Displayed in 0.0007s
FPS: 69, Animated in 0.0278s, Rendered in 0.0126s, Displayed in 0.0006s
FPS: 72, Animated in 0.0005s, Rendered in 0.0125s, Displayed in 0.0006s
FPS: 72, Animated in 0.0003s, Rendered in 0.0126s, Displayed in 0.0007s
FPS: 72, Animated in 0.0003s, Rendered in 0.0127s, Displayed in 0.0006s
FPS: 71, Animated in 0.0004s, Rendered in 0.0126s, Displayed in 0.0007s
FPS: 71, Animated in 0.0004s, Rendered in 0.0125s, Displayed in 0.0006s
FPS: 73, Animated in 0.0004s, Rendered in 0.0095s, Displayed in 0.0004s
FPS: 71, Animated in 0.0009s, Rendered in 0.0126s, Displayed in 0.0006s
FPS: 72, Animated in 0.0003s, Rendered in 0.0127s, Displayed in 0.0006s
FPS: 72, Animated in 0.0004s, Rendered in 0.0126s, Displayed in 0.0007s
FPS: 72, Animated in 0.0003s, Rendered in 0.0127s, Displayed in 0.0007s
FPS: 73, Animated in 0.0003s, Rendered in 0.0125s, Displayed in 0.0007s
FPS: 72, Animated in 0.0003s, Rendered in 0.0127s, Displayed in 0.0006s
FPS: 69, Animated in 0.0279s, Rendered in 0.0126s, Displayed in 0.0006s
FPS: 72, Animated in 0.0003s, Rendered in 0.0127s, Displayed in 0.0007s
FPS: 72, Animated in 0.0003s, Rendered in 0.0126s, Displayed in 0.0007s
FPS: 72, Animated in 0.0004s, Rendered in 0.0125s, Displayed in 0.0006s
FPS: 71, Animated in 0.0004s, Rendered in 0.0126s, Displayed in 0.0007s
FPS: 71, Animated in 0.0004s, Rendered in 0.0127s, Displayed in 0.0006s
FPS: 73, Animated in 0.0004s, Rendered in 0.0094s, Displayed in 0.0004s
FPS: 71, Animated in 0.0008s, Rendered in 0.0126s, Displayed in 0.0007s
FPS: 71, Animated in 0.0003s, Rendered in 0.0127s, Displayed in 0.0007s
FPS: 72, Animated in 0.0003s, Rendered in 0.0126s, Displayed in 0.0006s
FPS: 71, Animated in 0.0003s, Rendered in 0.0127s, Displayed in 0.0006s
FPS: 72, Animated in 0.0003s, Rendered in 0.0127s, Displayed in 0.0006s
FPS: 72, Animated in 0.0005s, Rendered in 0.0126s, Displayed in 0.0007s
FPS: 69, Animated in 0.0280s, Rendered in 0.0126s, Displayed in 0.0007s
FPS: 71, Animated in 0.0003s, Rendered in 0.0125s, Displayed in 0.0007s
FPS: 71, Animated in 0.0003s, Rendered in 0.0127s, Displayed in 0.0006s
FPS: 71, Animated in 0.0004s, Rendered in 0.0126s, Displayed in 0.0007s
FPS: 71, Animated in 0.0003s, Rendered in 0.0127s, Displayed in 0.0006s
FPS: 71, Animated in 0.0003s, Rendered in 0.0127s, Displayed in 0.0006s
FPS: 73, Animated in 0.0003s, Rendered in 0.0095s, Displayed in 0.0004s
FPS: 71, Animated in 0.0010s, Rendered in 0.0126s, Displayed in 0.0007s
FPS: 71, Animated in 0.0003s, Rendered in 0.0127s, Displayed in 0.0006s
FPS: 71, Animated in 0.0004s, Rendered in 0.0126s, Displayed in 0.0007s
FPS: 71, Animated in 0.0003s, Rendered in 0.0127s, Displayed in 0.0006s
FPS: 72, Animated in 0.0003s, Rendered in 0.0127s, Displayed in 0.0006s
FPS: 72, Animated in 0.0003s, Rendered in 0.0127s, Displayed in 0.0007s
FPS: 69, Animated in 0.0279s, Rendered in 0.0127s, Displayed in 0.0006s
FPS: 71, Animated in 0.0004s, Rendered in 0.0127s, Displayed in 0.0006s
FPS: 71, Animated in 0.0005s, Rendered in 0.0127s, Displayed in 0.0006s
FPS: 71, Animated in 0.0003s, Rendered in 0.0127s, Displayed in 0.0007s
FPS: 71, Animated in 0.0003s, Rendered in 0.0128s, Displayed in 0.0007s
FPS: 71, Animated in 0.0003s, Rendered in 0.0127s, Displayed in 0.0007s
FPS: 73, Animated in 0.0003s, Rendered in 0.0093s, Displayed in 0.0004s
FPS: 71, Animated in 0.0009s, Rendered in 0.0127s, Displayed in 0.0007s
FPS: 71, Animated in 0.0003s, Rendered in 0.0126s, Displayed in 0.0006s
FPS: 71, Animated in 0.0003s, Rendered in 0.0127s, Displayed in 0.0007s
FPS: 71, Animated in 0.0004s, Rendered in 0.0127s, Displayed in 0.0006s
FPS: 72, Animated in 0.0004s, Rendered in 0.0127s, Displayed in 0.0006s
FPS: 72, Animated in 0.0004s, Rendered in 0.0126s, Displayed in 0.0007s
FPS: 69, Animated in 0.0279s, Rendered in 0.0126s, Displayed in 0.0006s
FPS: 71, Animated in 0.0004s, Rendered in 0.0126s, Displayed in 0.0007s
FPS: 71, Animated in 0.0004s, Rendered in 0.0127s, Displayed in 0.0006s
FPS: 71, Animated in 0.0005s, Rendered in 0.0125s, Displayed in 0.0007s
FPS: 71, Animated in 0.0003s, Rendered in 0.0126s, Displayed in 0.0006s
FPS: 71, Animated in 0.0003s, Rendered in 0.0126s, Displayed in 0.0006s
FPS: 72, Animated in 0.0004s, Rendered in 0.0094s, Displayed in 0.0004s
FPS: 71, Animated in 0.0009s, Rendered in 0.0126s, Displayed in 0.0006s
FPS: 71, Animated in 0.0003s, Rendered in 0.0125s, Displayed in 0.0007s
FPS: 71, Animated in 0.0003s, Rendered in 0.0126s, Displayed in 0.0006s
FPS: 71, Animated in 0.0003s, Rendered in 0.0126s, Displayed in 0.0006s
FPS: 72, Animated in 0.0004s, Rendered in 0.0126s, Displayed in 0.0006s
FPS: 72, Animated in 0.0004s, Rendered in 0.0126s, Displayed in 0.0007s
FPS: 69, Animated in 0.0279s, Rendered in 0.0125s, Displayed in 0.0007s
FPS: 71, Animated in 0.0003s, Rendered in 0.0127s, Displayed in 0.0007s
FPS: 71, Animated in 0.0003s, Rendered in 0.0125s, Displayed in 0.0007s
FPS: 71, Animated in 0.0003s, Rendered in 0.0126s, Displayed in 0.0007s
FPS: 71, Animated in 0.0003s, Rendered in 0.0127s, Displayed in 0.0006s
FPS: 71, Animated in 0.0005s, Rendered in 0.0125s, Displayed in 0.0007s
FPS: 73, Animated in 0.0003s, Rendered in 0.0094s, Displayed in 0.0004s
FPS: 71, Animated in 0.0009s, Rendered in 0.0126s, Displayed in 0.0007s
FPS: 71, Animated in 0.0003s, Rendered in 0.0125s, Displayed in 0.0006s
FPS: 71, Animated in 0.0004s, Rendered in 0.0126s, Displayed in 0.0007s
FPS: 71, Animated in 0.0003s, Rendered in 0.0127s, Displayed in 0.0006s
FPS: 72, Animated in 0.0004s, Rendered in 0.0126s, Displayed in 0.0007s
FPS: 72, Animated in 0.0004s, Rendered in 0.0125s, Displayed in 0.0007s
FPS: 69, Animated in 0.0278s, Rendered in 0.0123s, Displayed in 0.0006s
FPS: 71, Animated in 0.0004s, Rendered in 0.0123s, Displayed in 0.0006s
FPS: 71, Animated in 0.0004s, Rendered in 0.0123s, Displayed in 0.0006s
FPS: 71, Animated in 0.0004s, Rendered in 0.0123s, Displayed in 0.0006s
FPS: 71, Animated in 0.0004s, Rendered in 0.0122s, Displayed in 0.0007s
FPS: 71, Animated in 0.0004s, Rendered in 0.0121s, Displayed in 0.0007s
FPS: 73, Animated in 0.0003s, Rendered in 0.0098s, Displayed in 0.0004s
FPS: 71, Animated in 0.0009s, Rendered in 0.0121s, Displayed in 0.0007s
FPS: 72, Animated in 0.0005s, Rendered in 0.0120s, Displayed in 0.0007s
FPS: 72, Animated in 0.0005s, Rendered in 0.0120s, Displayed in 0.0007s
FPS: 72, Animated in 0.0004s, Rendered in 0.0122s, Displayed in 0.0006s
FPS: 73, Animated in 0.0005s, Rendered in 0.0122s, Displayed in 0.0006s
FPS: 73, Animated in 0.0004s, Rendered in 0.0122s, Displayed in 0.0006s
FPS: 74, Animated in 0.0004s, Rendered in 0.0099s, Displayed in 0.0004s
FPS: 70, Animated in 0.0276s, Rendered in 0.0121s, Displayed in 0.0007s
FPS: 72, Animated in 0.0004s, Rendered in 0.0122s, Displayed in 0.0006s
FPS: 72, Animated in 0.0004s, Rendered in 0.0124s, Displayed in 0.0006s
FPS: 72, Animated in 0.0005s, Rendered in 0.0123s, Displayed in 0.0007s
FPS: 72, Animated in 0.0003s, Rendered in 0.0125s, Displayed in 0.0007s
FPS: 72, Animated in 0.0003s, Rendered in 0.0125s, Displayed in 0.0007s
FPS: 73, Animated in 0.0004s, Rendered in 0.0098s, Displayed in 0.0004s
FPS: 72, Animated in 0.0009s, Rendered in 0.0125s, Displayed in 0.0006s
FPS: 72, Animated in 0.0004s, Rendered in 0.0127s, Displayed in 0.0006s
FPS: 72, Animated in 0.0003s, Rendered in 0.0127s, Displayed in 0.0007s
FPS: 73, Animated in 0.0003s, Rendered in 0.0127s, Displayed in 0.0007s
FPS: 73, Animated in 0.0004s, Rendered in 0.0125s, Displayed in 0.0006s
FPS: 73, Animated in 0.0004s, Rendered in 0.0126s, Displayed in 0.0007s
FPS: 70, Animated in 0.0280s, Rendered in 0.0127s, Displayed in 0.0006s
FPS: 72, Animated in 0.0004s, Rendered in 0.0126s, Displayed in 0.0007s
FPS: 72, Animated in 0.0003s, Rendered in 0.0127s, Displayed in 0.0007s
FPS: 72, Animated in 0.0003s, Rendered in 0.0127s, Displayed in 0.0006s
FPS: 72, Animated in 0.0004s, Rendered in 0.0127s, Displayed in 0.0006s
FPS: 72, Animated in 0.0004s, Rendered in 0.0127s, Displayed in 0.0007s
FPS: 73, Animated in 0.0003s, Rendered in 0.0093s, Displayed in 0.0004s
FPS: 72, Animated in 0.0008s, Rendered in 0.0127s, Displayed in 0.0006s
FPS: 72, Animated in 0.0005s, Rendered in 0.0127s, Displayed in 0.0006s
FPS: 72, Animated in 0.0004s, Rendered in 0.0126s, Displayed in 0.0007s
FPS: 73, Animated in 0.0003s, Rendered in 0.0127s, Displayed in 0.0006s
FPS: 73, Animated in 0.0005s, Rendered in 0.0127s, Displayed in 0.0007s
FPS: 73, Animated in 0.0003s, Rendered in 0.0125s, Displayed in 0.0007s
FPS: 70, Animated in 0.0280s, Rendered in 0.0126s, Displayed in 0.0006s
FPS: 72, Animated in 0.0003s, Rendered in 0.0127s, Displayed in 0.0006s
FPS: 72, Animated in 0.0004s, Rendered in 0.0126s, Displayed in 0.0007s
FPS: 72, Animated in 0.0004s, Rendered in 0.0127s, Displayed in 0.0007s
FPS: 72, Animated in 0.0003s, Rendered in 0.0125s, Displayed in 0.0007s
FPS: 72, Animated in 0.0003s, Rendered in 0.0127s, Displayed in 0.0006s
FPS: 73, Animated in 0.0004s, Rendered in 0.0094s, Displayed in 0.0004s
FPS: 72, Animated in 0.0008s, Rendered in 0.0127s, Displayed in 0.0006s
FPS: 72, Animated in 0.0005s, Rendered in 0.0126s, Displayed in 0.0007s
FPS: 72, Animated in 0.0005s, Rendered in 0.0126s, Displayed in 0.0007s
FPS: 73, Animated in 0.0004s, Rendered in 0.0125s, Displayed in 0.0007s
FPS: 73, Animated in 0.0005s, Rendered in 0.0126s, Displayed in 0.0006s
FPS: 73, Animated in 0.0004s, Rendered in 0.0127s, Displayed in 0.0006s
FPS: 69, Animated in 0.0280s, Rendered in 0.0125s, Displayed in 0.0006s
FPS: 72, Animated in 0.0005s, Rendered in 0.0126s, Displayed in 0.0007s
FPS: 72, Animated in 0.0004s, Rendered in 0.0125s, Displayed in 0.0006s
FPS: 71, Animated in 0.0005s, Rendered in 0.0126s, Displayed in 0.0007s
FPS: 71, Animated in 0.0004s, Rendered in 0.0126s, Displayed in 0.0006s
FPS: 71, Animated in 0.0005s, Rendered in 0.0125s, Displayed in 0.0007s
FPS: 73, Animated in 0.0004s, Rendered in 0.0093s, Displayed in 0.0004s
FPS: 71, Animated in 0.0010s, Rendered in 0.0125s, Displayed in 0.0007s
FPS: 72, Animated in 0.0003s, Rendered in 0.0125s, Displayed in 0.0006s
FPS: 72, Animated in 0.0004s, Rendered in 0.0125s, Displayed in 0.0007s
FPS: 71, Animated in 0.0003s, Rendered in 0.0126s, Displayed in 0.0007s
FPS: 72, Animated in 0.0004s, Rendered in 0.0126s, Displayed in 0.0006s
FPS: 72, Animated in 0.0003s, Rendered in 0.0126s, Displayed in 0.0006s
FPS: 69, Animated in 0.0279s, Rendered in 0.0124s, Displayed in 0.0006s
FPS: 71, Animated in 0.0004s, Rendered in 0.0125s, Displayed in 0.0006s
FPS: 71, Animated in 0.0004s, Rendered in 0.0125s, Displayed in 0.0006s
FPS: 71, Animated in 0.0004s, Rendered in 0.0124s, Displayed in 0.0007s
FPS: 71, Animated in 0.0005s, Rendered in 0.0123s, Displayed in 0.0007s
FPS: 71, Animated in 0.0003s, Rendered in 0.0125s, Displayed in 0.0007s
FPS: 72, Animated in 0.0003s, Rendered in 0.0097s, Displayed in 0.0005s
FPS: 71, Animated in 0.0010s, Rendered in 0.0123s, Displayed in 0.0006s
FPS: 71, Animated in 0.0004s, Rendered in 0.0125s, Displayed in 0.0006s
FPS: 71, Animated in 0.0004s, Rendered in 0.0125s, Displayed in 0.0006s
FPS: 71, Animated in 0.0004s, Rendered in 0.0124s, Displayed in 0.0008s
FPS: 72, Animated in 0.0003s, Rendered in 0.0124s, Displayed in 0.0007s
FPS: 72, Animated in 0.0003s, Rendered in 0.0125s, Displayed in 0.0007s
FPS: 69, Animated in 0.0277s, Rendered in 0.0124s, Displayed in 0.0006s
FPS: 71, Animated in 0.0004s, Rendered in 0.0125s, Displayed in 0.0006s
FPS: 71, Animated in 0.0004s, Rendered in 0.0125s, Displayed in 0.0006s
FPS: 71, Animated in 0.0003s, Rendered in 0.0125s, Displayed in 0.0008s
FPS: 71, Animated in 0.0004s, Rendered in 0.0123s, Displayed in 0.0007s
FPS: 71, Animated in 0.0003s, Rendered in 0.0125s, Displayed in 0.0006s
FPS: 73, Animated in 0.0004s, Rendered in 0.0096s, Displayed in 0.0005s
FPS: 71, Animated in 0.0008s, Rendered in 0.0124s, Displayed in 0.0006s
FPS: 72, Animated in 0.0003s, Rendered in 0.0125s, Displayed in 0.0007s
FPS: 72, Animated in 0.0004s, Rendered in 0.0125s, Displayed in 0.0007s
FPS: 71, Animated in 0.0003s, Rendered in 0.0125s, Displayed in 0.0008s
FPS: 72, Animated in 0.0004s, Rendered in 0.0124s, Displayed in 0.0007s
FPS: 72, Animated in 0.0003s, Rendered in 0.0126s, Displayed in 0.0006s
FPS: 69, Animated in 0.0279s, Rendered in 0.0125s, Displayed in 0.0007s
FPS: 72, Animated in 0.0003s, Rendered in 0.0126s, Displayed in 0.0006s
FPS: 71, Animated in 0.0004s, Rendered in 0.0126s, Displayed in 0.0008s
FPS: 72, Animated in 0.0004s, Rendered in 0.0125s, Displayed in 0.0007s
FPS: 71, Animated in 0.0003s, Rendered in 0.0127s, Displayed in 0.0006s
FPS: 71, Animated in 0.0004s, Rendered in 0.0126s, Displayed in 0.0006s
FPS: 73, Animated in 0.0004s, Rendered in 0.0095s, Displayed in 0.0004s
FPS: 71, Animated in 0.0008s, Rendered in 0.0127s, Displayed in 0.0006s
FPS: 72, Animated in 0.0004s, Rendered in 0.0126s, Displayed in 0.0007s
FPS: 72, Animated in 0.0005s, Rendered in 0.0125s, Displayed in 0.0006s
FPS: 72, Animated in 0.0004s, Rendered in 0.0126s, Displayed in 0.0007s
FPS: 73, Animated in 0.0003s, Rendered in 0.0127s, Displayed in 0.0006s
FPS: 72, Animated in 0.0004s, Rendered in 0.0126s, Displayed in 0.0008s
FPS: 69, Animated in 0.0279s, Rendered in 0.0126s, Displayed in 0.0006s
FPS: 72, Animated in 0.0005s, Rendered in 0.0125s, Displayed in 0.0006s
FPS: 72, Animated in 0.0004s, Rendered in 0.0126s, Displayed in 0.0007s
FPS: 72, Animated in 0.0003s, Rendered in 0.0126s, Displayed in 0.0007s
FPS: 71, Animated in 0.0003s, Rendered in 0.0127s, Displayed in 0.0008s
FPS: 71, Animated in 0.0003s, Rendered in 0.0125s, Displayed in 0.0006s
FPS: 73, Animated in 0.0004s, Rendered in 0.0094s, Displayed in 0.0004s
FPS: 71, Animated in 0.0008s, Rendered in 0.0127s, Displayed in 0.0006s
FPS: 72, Animated in 0.0004s, Rendered in 0.0126s, Displayed in 0.0006s
FPS: 72, Animated in 0.0004s, Rendered in 0.0126s, Displayed in 0.0007s
FPS: 72, Animated in 0.0003s, Rendered in 0.0127s, Displayed in 0.0006s
FPS: 72, Animated in 0.0005s, Rendered in 0.0125s, Displayed in 0.0006s
FPS: 72, Animated in 0.0004s, Rendered in 0.0126s, Displayed in 0.0007s
FPS: 69, Animated in 0.0280s, Rendered in 0.0125s, Displayed in 0.0007s
FPS: 72, Animated in 0.0003s, Rendered in 0.0127s, Displayed in 0.0006s
FPS: 71, Animated in 0.0004s, Rendered in 0.0126s, Displayed in 0.0007s
FPS: 71, Animated in 0.0005s, Rendered in 0.0126s, Displayed in 0.0006s
FPS: 71, Animated in 0.0003s, Rendered in 0.0126s, Displayed in 0.0006s
FPS: 71, Animated in 0.0004s, Rendered in 0.0126s, Displayed in 0.0007s
FPS: 73, Animated in 0.0003s, Rendered in 0.0095s, Displayed in 0.0004s
FPS: 71, Animated in 0.0008s, Rendered in 0.0126s, Displayed in 0.0006s
FPS: 71, Animated in 0.0005s, Rendered in 0.0125s, Displayed in 0.0007s
FPS: 71, Animated in 0.0004s, Rendered in 0.0127s, Displayed in 0.0006s
FPS: 71, Animated in 0.0005s, Rendered in 0.0125s, Displayed in 0.0007s
FPS: 72, Animated in 0.0004s, Rendered in 0.0126s, Displayed in 0.0006s
FPS: 72, Animated in 0.0004s, Rendered in 0.0126s, Displayed in 0.0006s
FPS: 69, Animated in 0.0282s, Rendered in 0.0125s, Displayed in 0.0006s
FPS: 71, Animated in 0.0005s, Rendered in 0.0125s, Displayed in 0.0007s
[IR] 0xBA45FF00
FPS: 71, Animated in 0.0004s, Rendered in 0.0125s, Displayed in 0.0007s
FPS: 72, Animated in 0.0003s, Rendered in 0.0122s, Displayed in 0.0006s
FPS: 71, Animated in 0.0003s, Rendered in 0.0119s, Displayed in 0.0007s
FPS: 71, Animated in 0.0003s, Rendered in 0.0117s, Displayed in 0.0006s
FPS: 73, Animated in 0.0004s, Rendered in 0.0092s, Displayed in 0.0005s
FPS: 72, Animated in 0.0008s, Rendered in 0.0114s, Displayed in 0.0007s
FPS: 71, Animated in 0.0003s, Rendered in 0.0140s, Displayed in 0.0006s
FPS: 71, Animated in 0.0004s, Rendered in 0.0129s, Displayed in 0.0007s
FPS: 73, Animated in 0.0003s, Rendered in 0.0104s, Displayed in 0.0006s
FPS: 74, Animated in 0.0005s, Rendered in 0.0100s, Displayed in 0.0006s
FPS: 74, Animated in 0.0003s, Rendered in 0.0101s, Displayed in 0.0006s
FPS: 75, Animated in 0.0004s, Rendered in 0.0100s, Displayed in 0.0005s
FPS: 71, Animated in 0.0277s, Rendered in 0.0100s, Displayed in 0.0007s
FPS: 74, Animated in 0.0004s, Rendered in 0.0099s, Displayed in 0.0006s
FPS: 74, Animated in 0.0003s, Rendered in 0.0100s, Displayed in 0.0006s
FPS: 74, Animated in 0.0003s, Rendered in 0.0107s, Displayed in 0.0008s
FPS: 73, Animated in 0.0004s, Rendered in 0.0123s, Displayed in 0.0007s
FPS: 73, Animated in 0.0003s, Rendered in 0.0138s, Displayed in 0.0006s
FPS: 73, Animated in 0.0005s, Rendered in 0.0130s, Displayed in 0.0004s
FPS: 73, Animated in 0.0008s, Rendered in 0.0136s, Displayed in 0.0007s
FPS: 73, Animated in 0.0003s, Rendered in 0.0127s, Displayed in 0.0007s
FPS: 74, Animated in 0.0004s, Rendered in 0.0116s, Displayed in 0.0006s
FPS: 75, Animated in 0.0004s, Rendered in 0.0109s, Displayed in 0.0008s
FPS: 75, Animated in 0.0004s, Rendered in 0.0106s, Displayed in 0.0006s
FPS: 75, Animated in 0.0005s, Rendered in 0.0105s, Displayed in 0.0006s
FPS: 76, Animated in 0.0004s, Rendered in 0.0100s, Displayed in 0.0004s
FPS: 72, Animated in 0.0276s, Rendered in 0.0110s, Displayed in 0.0006s
FPS: 75, Animated in 0.0005s, Rendered in 0.0118s, Displayed in 0.0007s
FPS: 74, Animated in 0.0003s, Rendered in 0.0125s, Displayed in 0.0007s
FPS: 74, Animated in 0.0004s, Rendered in 0.0132s, Displayed in 0.0006s
FPS: 73, Animated in 0.0003s, Rendered in 0.0138s, Displayed in 0.0007s
FPS: 73, Animated in 0.0004s, Rendered in 0.0137s, Displayed in 0.0006s
FPS: 75, Animated in 0.0004s, Rendered in 0.0101s, Displayed in 0.0004s
FPS: 73, Animated in 0.0009s, Rendered in 0.0136s, Displayed in 0.0007s
FPS: 73, Animated in 0.0003s, Rendered in 0.0139s, Displayed in 0.0007s
FPS: 74, Animated in 0.0003s, Rendered in 0.0139s, Displayed in 0.0007s
FPS: 74, Animated in 0.0004s, Rendered in 0.0135s, Displayed in 0.0006s
FPS: 74, Animated in 0.0004s, Rendered in 0.0138s, Displayed in 0.0008s
FPS: 74, Animated in 0.0004s, Rendered in 0.0127s, Displayed in 0.0004s
FPS: 71, Animated in 0.0275s, Rendered in 0.0137s, Displayed in 0.0006s
FPS: 73, Animated in 0.0004s, Rendered in 0.0136s, Displayed in 0.0006s
FPS: 72, Animated in 0.0006s, Rendered in 0.0138s, Displayed in 0.0006s
[IR] 0xB946FF00
FPS: 72, Animated in 0.0005s, Rendered in 0.0137s, Displayed in 0.0008s
FPS: 72, Animated in 0.0004s, Rendered in 0.0138s, Displayed in 0.0007s
FPS: 72, Animated in 0.0004s, Rendered in 0.0129s, Displayed in 0.0005s
FPS: 72, Animated in 0.0009s, Rendered in 0.0137s, Displayed in 0.0006s
FPS: 72, Animated in 0.0004s, Rendered in 0.0141s, Displayed in 0.0006s
FPS: 72, Animated in 0.0004s, Rendered in 0.0138s, Displayed in 0.0006s
FPS: 73, Animated in 0.0005s, Rendered in 0.0138s, Displayed in 0.0007s
FPS: 72, Animated in 0.0004s, Rendered in 0.0138s, Displayed in 0.0007s
FPS: 73, Animated in 0.0005s, Rendered in 0.0125s, Displayed in 0.0004s
FPS: 69, Animated in 0.0276s, Rendered in 0.0138s, Displayed in 0.0006s
FPS: 71, Animated in 0.0004s, Rendered in 0.0140s, Displayed in 0.0007s
FPS: 71, Animated in 0.0005s, Rendered in 0.0137s, Displayed in 0.0006s
FPS: 70, Animated in 0.0004s, Rendered in 0.0139s, Displayed in 0.0007s
FPS: 70, Animated in 0.0004s, Rendered in 0.0139s, Displayed in 0.0007s
FPS: 71, Animated in 0.0004s, Rendered in 0.0127s, Displayed in 0.0005s
FPS: 70, Animated in 0.0009s, Rendered in 0.0139s, Displayed in 0.0006s
FPS: 70, Animated in 0.0004s, Rendered in 0.0139s, Displayed in 0.0007s
FPS: 69, Animated in 0.0004s, Rendered in 0.0137s, Displayed in 0.0006s
FPS: 69, Animated in 0.0005s, Rendered in 0.0139s, Displayed in 0.0006s
FPS: 68, Animated in 0.0004s, Rendered in 0.0139s, Displayed in 0.0007s
FPS: 70, Animated in 0.0005s, Rendered in 0.0125s, Displayed in 0.0004s
FPS: 66, Animated in 0.0276s, Rendered in 0.0138s, Displayed in 0.0006s
FPS: 68, Animated in 0.0004s, Rendered in 0.0138s, Displayed in 0.0007s
FPS: 67, Animated in 0.0004s, Rendered in 0.0139s, Displayed in 0.0006s
FPS: 67, Animated in 0.0005s, Rendered in 0.0139s, Displayed in 0.0007s
FPS: 67, Animated in 0.0004s, Rendered in 0.0139s, Displayed in 0.0007s
FPS: 68, Animated in 0.0004s, Rendered in 0.0125s, Displayed in 0.0005s
FPS: 67, Animated in 0.0010s, Rendered in 0.0138s, Displayed in 0.0006s
FPS: 67, Animated in 0.0005s, Rendered in 0.0140s, Displayed in 0.0006s
FPS: 67, Animated in 0.0004s, Rendered in 0.0140s, Displayed in 0.0007s
FPS: 66, Animated in 0.0004s, Rendered in 0.0139s, Displayed in 0.0007s
FPS: 66, Animated in 0.0004s, Rendered in 0.0140s, Displayed in 0.0007s
FPS: 66, Animated in 0.0004s, Rendered in 0.0126s, Displayed in 0.0004s
[IR] 0xB847FF00
FPS: 62, Animated in 0.0277s, Rendered in 0.0139s, Displayed in 0.0006s
FPS: 65, Animated in 0.0004s, Rendered in 0.0140s, Displayed in 0.0006s
FPS: 65, Animated in 0.0005s, Rendered in 0.0139s, Displayed in 0.0007s
FPS: 65, Animated in 0.0004s, Rendered in 0.0140s, Displayed in 0.0006s
FPS: 65, Animated in 0.0004s, Rendered in 0.0140s, Displayed in 0.0007s
FPS: 65, Animated in 0.0004s, Rendered in 0.0125s, Displayed in 0.0005s
FPS: 65, Animated in 0.0009s, Rendered in 0.0140s, Displayed in 0.0006s
FPS: 65, Animated in 0.0005s, Rendered in 0.0137s, Displayed in 0.0006s
FPS: 65, Animated in 0.0004s, Rendered in 0.0138s, Displayed in 0.0007s
FPS: 65, Animated in 0.0004s, Rendered in 0.0137s, Displayed in 0.0006s
FPS: 65, Animated in 0.0004s, Rendered in 0.0138s, Displayed in 0.0006s
FPS: 65, Animated in 0.0005s, Rendered in 0.0127s, Displayed in 0.0004s
FPS: 62, Animated in 0.0277s, Rendered in 0.0137s, Displayed in 0.0007s
FPS: 64, Animated in 0.0004s, Rendered in 0.0138s, Displayed in 0.0007s
FPS: 65, Animated in 0.0005s, Rendered in 0.0136s, Displayed in 0.0006s
FPS: 65, Animated in 0.0005s, Rendered in 0.0138s, Displayed in 0.0007s
FPS: 65, Animated in 0.0004s, Rendered in 0.0138s, Displayed in 0.0007s
FPS: 65, Animated in 0.0004s, Rendered in 0.0128s, Displayed in 0.0004s
FPS: 65, Animated in 0.0010s, Rendered in 0.0138s, Displayed in 0.0006s
FPS: 65, Animated in 0.0004s, Rendered in 0.0140s, Displayed in 0.0006s
FPS: 65, Animated in 0.0004s, Rendered in 0.0140s, Displayed in 0.0007s
FPS: 65, Animated in 0.0004s, Rendered in 0.0139s, Displayed in 0.0007s
FPS: 65, Animated in 0.0004s, Rendered in 0.0140s, Displayed in 0.0007s
FPS: 65, Animated in 0.0004s, Rendered in 0.0126s, Displayed in 0.0004s
FPS: 62, Animated in 0.0277s, Rendered in 0.0139s, Displayed in 0.0007s
FPS: 64, Animated in 0.0004s, Rendered in 0.0140s, Displayed in 0.0007s
FPS: 65, Animated in 0.0004s, Rendered in 0.0140s, Displayed in 0.0007s
FPS: 65, Animated in 0.0004s, Rendered in 0.0141s, Displayed in 0.0006s
FPS: 64, Animated in 0.0005s, Rendered in 0.0140s, Displayed in 0.0006s
FPS: 65, Animated in 0.0005s, Rendered in 0.0125s, Displayed in 0.0004s
[IR] 0xBC43FF00
FPS: 64, Animated in 0.0010s, Rendered in 0.0141s, Displayed in 0.0007s
FPS: 64, Animated in 0.0004s, Rendered in 0.0140s, Displayed in 0.0007s
FPS: 64, Animated in 0.0004s, Rendered in 0.0141s, Displayed in 0.0007s
FPS: 64, Animated in 0.0004s, Rendered in 0.0140s, Displayed in 0.0007s
FPS: 64, Animated in 0.0004s, Rendered in 0.0139s, Displayed in 0.0007s
FPS: 65, Animated in 0.0004s, Rendered in 0.0125s, Displayed in 0.0004s
FPS: 62, Animated in 0.0276s, Rendered in 0.0139s, Displayed in 0.0007s
FPS: 64, Animated in 0.0005s, Rendered in 0.0139s, Displayed in 0.0007s
FPS: 64, Animated in 0.0004s, Rendered in 0.0140s, Displayed in 0.0006s
FPS: 64, Animated in 0.0004s, Rendered in 0.0140s, Displayed in 0.0007s
FPS: 64, Animated in 0.0004s, Rendered in 0.0140s, Displayed in 0.0007s
FPS: 65, Animated in 0.0004s, Rendered in 0.0125s, Displayed in 0.0004s
FPS: 64, Animated in 0.0009s, Rendered in 0.0140s, Displayed in 0.0007s
FPS: 64, Animated in 0.0005s, Rendered in 0.0139s, Displayed in 0.0007s
FPS: 64, Animated in 0.0004s, Rendered in 0.0140s, Displayed in 0.0006s
FPS: 64, Animated in 0.0003s, Rendered in 0.0140s, Displayed in 0.0007s
FPS: 64, Animated in 0.0004s, Rendered in 0.0140s, Displayed in 0.0007s
FPS: 65, Animated in 0.0003s, Rendered in 0.0125s, Displayed in 0.0005s
FPS: 62, Animated in 0.0275s, Rendered in 0.0139s, Displayed in 0.0006s
FPS: 64, Animated in 0.0004s, Rendered in 0.0141s, Displayed in 0.0006s
FPS: 64, Animated in 0.0004s, Rendered in 0.0140s, Displayed in 0.0007s
FPS: 64, Animated in 0.0004s, Rendered in 0.0140s, Displayed in 0.0007s
FPS: 64, Animated in 0.0004s, Rendered in 0.0139s, Displayed in 0.0007s
FPS: 65, Animated in 0.0004s, Rendered in 0.0126s, Displayed in 0.0004s
FPS: 64, Animated in 0.0010s, Rendered in 0.0139s, Displayed in 0.0007s
FPS: 64, Animated in 0.0004s, Rendered in 0.0139s, Displayed in 0.0007s
FPS: 64, Animated in 0.0004s, Rendered in 0.0139s, Displayed in 0.0007s
FPS: 64, Animated in 0.0004s, Rendered in 0.0140s, Displayed in 0.0007s
FPS: 64, Animated in 0.0004s, Rendered in 0.0140s, Displayed in 0.0007s
FPS: 65, Animated in 0.0004s, Rendered in 0.0124s, Displayed in 0.0004s
FPS: 62, Animated in 0.0276s, Rendered in 0.0139s, Displayed in 0.0007s
FPS: 63, Animated in 0.0004s, Rendered in 0.0140s, Displayed in 0.0007s
[IR] 0xBF40FF00
FPS: 64, Animated in 0.0005s, Rendered in 0.0139s, Displayed in 0.0006s
FPS: 64, Animated in 0.0004s, Rendered in 0.0140s, Displayed in 0.0006s
FPS: 64, Animated in 0.0005s, Rendered in 0.0139s, Displayed in 0.0007s
FPS: 65, Animated in 0.0004s, Rendered in 0.0126s, Displayed in 0.0004s
FPS: 64, Animated in 0.0009s, Rendered in 0.0140s, Displayed in 0.0006s
FPS: 64, Animated in 0.0004s, Rendered in 0.0139s, Displayed in 0.0007s
FPS: 64, Animated in 0.0005s, Rendered in 0.0139s, Displayed in 0.0007s
FPS: 64, Animated in 0.0005s, Rendered in 0.0139s, Displayed in 0.0007s
FPS: 64, Animated in 0.0004s, Rendered in 0.0140s, Displayed in 0.0006s
FPS: 65, Animated in 0.0005s, Rendered in 0.0125s, Displayed in 0.0004s
FPS: 61, Animated in 0.0275s, Rendered in 0.0139s, Displayed in 0.0006s
FPS: 63, Animated in 0.0004s, Rendered in 0.0140s, Displayed in 0.0006s
FPS: 64, Animated in 0.0004s, Rendered in 0.0139s, Displayed in 0.0007s
FPS: 64, Animated in 0.0004s, Rendered in 0.0140s, Displayed in 0.0007s
FPS: 64, Animated in 0.0004s, Rendered in 0.0140s, Displayed in 0.0007s
FPS: 65, Animated in 0.0004s, Rendered in 0.0125s, Displayed in 0.0004s
FPS: 64, Animated in 0.0010s, Rendered in 0.0139s, Displayed in 0.0007s
FPS: 64, Animated in 0.0005s, Rendered in 0.0140s, Displayed in 0.0006s
FPS: 64, Animated in 0.0005s, Rendered in 0.0139s, Displayed in 0.0007s
FPS: 64, Animated in 0.0004s, Rendered in 0.0141s, Displayed in 0.0007s
FPS: 64, Animated in 0.0003s, Rendered in 0.0140s, Displayed in 0.0007s
FPS: 65, Animated in 0.0003s, Rendered in 0.0125s, Displayed in 0.0004s
FPS: 62, Animated in 0.0275s, Rendered in 0.0140s, Displayed in 0.0006s
FPS: 64, Animated in 0.0004s, Rendered in 0.0140s, Displayed in 0.0006s
FPS: 64, Animated in 0.0004s, Rendered in 0.0140s, Displayed in 0.0007s
FPS: 64, Animated in 0.0003s, Rendered in 0.0140s, Displayed in 0.0006s
FPS: 64, Animated in 0.0003s, Rendered in 0.0140s, Displayed in 0.0006s
FPS: 65, Animated in 0.0004s, Rendered in 0.0126s, Displayed in 0.0005s
FPS: 64, Animated in 0.0008s, Rendered in 0.0140s, Displayed in 0.0006s
[IR] 0xBB44FF00
FPS: 64, Animated in 0.0004s, Rendered in 0.0140s, Displayed in 0.0006s
FPS: 64, Animated in 0.0004s, Rendered in 0.0140s, Displayed in 0.0006s
FPS: 64, Animated in 0.0005s, Rendered in 0.0139s, Displayed in 0.0007s
FPS: 64, Animated in 0.0004s, Rendered in 0.0139s, Displayed in 0.0007s
FPS: 65, Animated in 0.0003s, Rendered in 0.0126s, Displayed in 0.0004s
FPS: 62, Animated in 0.0276s, Rendered in 0.0139s, Displayed in 0.0007s
FPS: 64, Animated in 0.0004s, Rendered in 0.0139s, Displayed in 0.0006s
FPS: 64, Animated in 0.0004s, Rendered in 0.0139s, Displayed in 0.0007s
FPS: 64, Animated in 0.0004s, Rendered in 0.0139s, Displayed in 0.0007s
FPS: 64, Animated in 0.0003s, Rendered in 0.0140s, Displayed in 0.0006s
FPS: 65, Animated in 0.0004s, Rendered in 0.0126s, Displayed in 0.0004s
FPS: 64, Animated in 0.0008s, Rendered in 0.0140s, Displayed in 0.0006s
FPS: 64, Animated in 0.0003s, Rendered in 0.0141s, Displayed in 0.0006s
FPS: 64, Animated in 0.0005s, Rendered in 0.0139s, Displayed in 0.0006s
FPS: 64, Animated in 0.0004s, Rendered in 0.0140s, Displayed in 0.0006s
FPS: 64, Animated in 0.0004s, Rendered in 0.0141s, Displayed in 0.0006s
FPS: 65, Animated in 0.0004s, Rendered in 0.0125s, Displayed in 0.0004s
FPS: 62, Animated in 0.0277s, Rendered in 0.0139s, Displayed in 0.0007s
FPS: 64, Animated in 0.0004s, Rendered in 0.0140s, Displayed in 0.0006s
FPS: 64, Animated in 0.0004s, Rendered in 0.0139s, Displayed in 0.0007s
FPS: 64, Animated in 0.0003s, Rendered in 0.0140s, Displayed in 0.0007s
FPS: 64, Animated in 0.0004s, Rendered in 0.0139s, Displayed in 0.0006s
FPS: 65, Animated in 0.0004s, Rendered in 0.0126s, Displayed in 0.0004s
FPS: 64, Animated in 0.0008s, Rendered in 0.0140s, Displayed in 0.0006s
FPS: 64, Animated in 0.0005s, Rendered in 0.0140s, Displayed in 0.0007s
FPS: 64, Animated in 0.0003s, Rendered in 0.0140s, Displayed in 0.0006s
FPS: 64, Animated in 0.0003s, Rendered in 0.0140s, Displayed in 0.0007s
FPS: 64, Animated in 0.0003s, Rendered in 0.0140s, Displayed in 0.0006s
FPS: 65, Animated in 0.0005s, Rendered in 0.0125s, Displayed in 0.0004s
[IR] 0xF807FF00
FPS: 62, Animated in 0.0275s, Rendered in 0.0139s, Displayed in 0.0006s
FPS: 64, Animated in 0.0004s, Rendered in 0.0140s, Displayed in 0.0006s
FPS: 64, Animated in 0.0004s, Rendered in 0.0139s, Displayed in 0.0007s
FPS: 64, Animated in 0.0003s, Rendered in 0.0140s, Displayed in 0.0007s
FPS: 64, Animated in 0.0003s, Rendered in 0.0139s, Displayed in 0.0006s
FPS: 65, Animated in 0.0003s, Rendered in 0.0127s, Displayed in 0.0004s
FPS: 64, Animated in 0.0009s, Rendered in 0.0139s, Displayed in 0.0006s
FPS: 64, Animated in 0.0004s, Rendered in 0.0139s, Displayed in 0.0007s
FPS: 64, Animated in 0.0003s, Rendered in 0.0140s, Displayed in 0.0006s
FPS: 64, Animated in 0.0004s, Rendered in 0.0140s, Displayed in 0.0006s
FPS: 64, Animated in 0.0003s, Rendered in 0.0140s, Displayed in 0.0007s
FPS: 65, Animated in 0.0003s, Rendered in 0.0126s, Displayed in 0.0004s
FPS: 62, Animated in 0.0274s, Rendered in 0.0139s, Displayed in 0.0006s
FPS: 64, Animated in 0.0004s, Rendered in 0.0139s, Displayed in 0.0007s
FPS: 64, Animated in 0.0003s, Rendered in 0.0140s, Displayed in 0.0006s
FPS: 64, Animated in 0.0004s, Rendered in 0.0139s, Displayed in 0.0007s
FPS: 65, Animated in 0.0004s, Rendered in 0.0138s, Displayed in 0.0006s
FPS: 65, Animated in 0.0004s, Rendered in 0.0126s, Displayed in 0.0004s
FPS: 64, Animated in 0.0010s, Rendered in 0.0138s, Displayed in 0.0006s
FPS: 64, Animated in 0.0004s, Rendered in 0.0139s, Displayed in 0.0007s
FPS: 64, Animated in 0.0003s, Rendered in 0.0140s, Displayed in 0.0006s
FPS: 64, Animated in 0.0004s, Rendered in 0.0139s, Displayed in 0.0007s
FPS: 64, Animated in 0.0003s, Rendered in 0.0140s, Displayed in 0.0006s
FPS: 65, Animated in 0.0005s, Rendered in 0.0126s, Displayed in 0.0004s
FPS: 62, Animated in 0.0275s, Rendered in 0.0139s, Displayed in 0.0006s
[IR] 0xEA15FF00
FPS: 64, Animated in 0.0004s, Rendered in 0.0140s, Displayed in 0.0006s
FPS: 64, Animated in 0.0003s, Rendered in 0.0140s, Displayed in 0.0006s
FPS: 64, Animated in 0.0004s, Rendered in 0.0140s, Displayed in 0.0007s
FPS: 64, Animated in 0.0003s, Rendered in 0.0139s, Displayed in 0.0007s
FPS: 65, Animated in 0.0003s, Rendered in 0.0127s, Displayed in 0.0004s
FPS: 64, Animated in 0.0009s, Rendered in 0.0139s, Displayed in 0.0006s
FPS: 64, Animated in 0.0004s, Rendered in 0.0139s, Displayed in 0.0007s
FPS: 64, Animated in 0.0003s, Rendered in 0.0140s, Displayed in 0.0006s
FPS: 64, Animated in 0.0004s, Rendered in 0.0140s, Displayed in 0.0006s
FPS: 64, Animated in 0.0003s, Rendered in 0.0140s, Displayed in 0.0007s
FPS: 65, Animated in 0.0003s, Rendered in 0.0126s, Displayed in 0.0004s
FPS: 62, Animated in 0.0274s, Rendered in 0.0139s, Displayed in 0.0006s
FPS: 64, Animated in 0.0004s, Rendered in 0.0141s, Displayed in 0.0006s
FPS: 64, Animated in 0.0005s, Rendered in 0.0139s, Displayed in 0.0007s
FPS: 64, Animated in 0.0003s, Rendered in 0.0140s, Displayed in 0.0006s
FPS: 64, Animated in 0.0004s, Rendered in 0.0140s, Displayed in 0.0006s
FPS: 65, Animated in 0.0003s, Rendered in 0.0127s, Displayed in 0.0005s
FPS: 65, Animated in 0.0008s, Rendered in 0.0138s, Displayed in 0.0007s
FPS: 64, Animated in 0.0003s, Rendered in 0.0140s, Displayed in 0.0006s
FPS: 64, Animated in 0.0004s, Rendered in 0.0139s, Displayed in 0.0007s
FPS: 65, Animated in 0.0003s, Rendered in 0.0140s, Displayed in 0.0006s
FPS: 64, Animated in 0.0004s, Rendered in 0.0139s, Displayed in 0.0007s
FPS: 65, Animated in 0.0004s, Rendered in 0.0126s, Displayed in 0.0004s
FPS: 62, Animated in 0.0275s, Rendered in 0.0139s, Displayed in 0.0006s
FPS: 64, Animated in 0.0003s, Rendered in 0.0140s, Displayed in 0.0007s
FPS: 65, Animated in 0.0003s, Rendered in 0.0139s, Displayed in 0.0006s
FPS: 65, Animated in 0.0004s, Rendered in 0.0139s, Displayed in 0.0007s
FPS: 65, Animated in 0.0003s, Rendered in 0.0140s, Displayed in 0.0006s
[IR] 0xF609FF00
FPS: 65, Animated in 0.0005s, Rendered in 0.0127s, Displayed in 0.0005s
FPS: 65, Animated in 0.0008s, Rendered in 0.0138s, Displayed in 0.0007s
FPS: 64, Animated in 0.0003s, Rendered in 0.0140s, Displayed in 0.0006s
FPS: 64, Animated in 0.0004s, Rendered in 0.0139s, Displayed in 0.0007s
FPS: 65, Animated in 0.0005s, Rendered in 0.0138s, Displayed in 0.0006s
FPS: 64, Animated in 0.0004s, Rendered in 0.0139s, Displayed in 0.0007s
FPS: 65, Animated in 0.0004s, Rendered in 0.0126s, Displayed in 0.0004s
FPS: 62, Animated in 0.0275s, Rendered in 0.0139s, Displayed in 0.0006s
FPS: 64, Animated in 0.0004s, Rendered in 0.0140s, Displayed in 0.0007s
FPS: 64, Animated in 0.0004s, Rendered in 0.0139s, Displayed in 0.0007s
FPS: 65, Animated in 0.0003s, Rendered in 0.0140s, Displayed in 0.0006s
FPS: 64, Animated in 0.0004s, Rendered in 0.0140s, Displayed in 0.0006s
FPS: 65, Animated in 0.0003s, Rendered in 0.0127s, Displayed in 0.0004s
FPS: 64, Animated in 0.0008s, Rendered in 0.0141s, Displayed in 0.0006s
FPS: 64, Animated in 0.0004s, Rendered in 0.0140s, Displayed in 0.0006s
FPS: 64, Animated in 0.0005s, Rendered in 0.0140s, Displayed in 0.0007s
FPS: 64, Animated in 0.0004s, Rendered in 0.0139s, Displayed in 0.0007s
FPS: 64, Animated in 0.0004s, Rendered in 0.0140s, Displayed in 0.0007s
FPS: 65, Animated in 0.0004s, Rendered in 0.0125s, Displayed in 0.0004s
FPS: 62, Animated in 0.0275s, Rendered in 0.0139s, Displayed in 0.0007s
FPS: 64, Animated in 0.0004s, Rendered in 0.0140s, Displayed in 0.0006s
FPS: 64, Animated in 0.0005s, Rendered in 0.0140s, Displayed in 0.0006s
FPS: 64, Animated in 0.0005s, Rendered in 0.0140s, Displayed in 0.0006s
FPS: 64, Animated in 0.0004s, Rendered in 0.0140s, Displayed in 0.0007s
FPS: 65, Animated in 0.0004s, Rendered in 0.0124s, Displayed in 0.0004s
FPS: 64, Animated in 0.0009s, Rendered in 0.0141s, Displayed in 0.0007s
FPS: 64, Animated in 0.0004s, Rendered in 0.0139s, Displayed in 0.0006s
[IR] 0xF20DFF00
FPS: 64, Animated in 0.0005s, Rendered in 0.0140s, Displayed in 0.0006s
FPS: 64, Animated in 0.0004s, Rendered in 0.0140s, Displayed in 0.0006s
FPS: 64, Animated in 0.0003s, Rendered in 0.0140s, Displayed in 0.0007s
FPS: 65, Animated in 0.0003s, Rendered in 0.0126s, Displayed in 0.0005s
FPS: 62, Animated in 0.0274s, Rendered in 0.0140s, Displayed in 0.0007s
FPS: 64, Animated in 0.0003s, Rendered in 0.0140s, Displayed in 0.0006s
FPS: 64, Animated in 0.0004s, Rendered in 0.0140s, Displayed in 0.0007s
FPS: 64, Animated in 0.0004s, Rendered in 0.0139s, Displayed in 0.0006s
FPS: 64, Animated in 0.0004s, Rendered in 0.0140s, Displayed in 0.0006s
FPS: 65, Animated in 0.0004s, Rendered in 0.0126s, Displayed in 0.0004s
FPS: 64, Animated in 0.0008s, Rendered in 0.0141s, Displayed in 0.0006s
FPS: 64, Animated in 0.0004s, Rendered in 0.0140s, Displayed in 0.0006s
FPS: 64, Animated in 0.0004s, Rendered in 0.0139s, Displayed in 0.0007s
FPS: 64, Animated in 0.0003s, Rendered in 0.0140s, Displayed in 0.0006s
FPS: 64, Animated in 0.0005s, Rendered in 0.0139s, Displayed in 0.0006s
FPS: 65, Animated in 0.0003s, Rendered in 0.0126s, Displayed in 0.0004s
FPS: 62, Animated in 0.0276s, Rendered in 0.0139s, Displayed in 0.0006s
FPS: 64, Animated in 0.0005s, Rendered in 0.0138s, Displayed in 0.0007s
FPS: 64, Animated in 0.0003s, Rendered in 0.0141s, Displayed in 0.0007s
FPS: 64, Animated in 0.0003s, Rendered in 0.0139s, Displayed in 0.0006s
FPS: 64, Animated in 0.0004s, Rendered in 0.0139s, Displayed in 0.0007s
FPS: 65, Animated in 0.0003s, Rendered in 0.0127s, Displayed in 0.0004s
FPS: 64, Animated in 0.0009s, Rendered in 0.0139s, Displayed in 0.0007s
FPS: 64, Animated in 0.0003s, Rendered in 0.0140s, Displayed in 0.0006s
FPS: 64, Animated in 0.0004s, Rendered in 0.0139s, Displayed in 0.0007s
FPS: 64, Animated in 0.0003s, Rendered in 0.0140s, Displayed in 0.0007s
FPS: 64, Animated in 0.0005s, Rendered in 0.0138s, Displayed in 0.0006s
FPS: 65, Animated in 0.0005s, Rendered in 0.0126s, Displayed in 0.0004s
FPS: 62, Animated in 0.0277s, Rendered in 0.0138s, Displayed in 0.0007s
[IR] 0xE619FF00
FPS: 64, Animated in 0.0003s, Rendered in 0.0138s, Displayed in 0.0006s
FPS: 64, Animated in 0.0004s, Rendered in 0.0139s, Displayed in 0.0007s
FPS: 64, Animated in 0.0003s, Rendered in 0.0140s, Displayed in 0.0006s
FPS: 64, Animated in 0.0003s, Rendered in 0.0140s, Displayed in 0.0007s
FPS: 65, Animated in 0.0003s, Rendered in 0.0128s, Displayed in 0.0004s
FPS: 64, Animated in 0.0009s, Rendered in 0.0140s, Displayed in 0.0006s
FPS: 64, Animated in 0.0004s, Rendered in 0.0139s, Displayed in 0.0007s
FPS: 64, Animated in 0.0005s, Rendered in 0.0139s, Displayed in 0.0006s
FPS: 64, Animated in 0.0004s, Rendered in 0.0141s, Displayed in 0.0006s
FPS: 64, Animated in 0.0004s, Rendered in 0.0139s, Displayed in 0.0007s
FPS: 65, Animated in 0.0004s, Rendered in 0.0126s, Displayed in 0.0004s
FPS: 62, Animated in 0.0276s, Rendered in 0.0139s, Displayed in 0.0007s
FPS: 64, Animated in 0.0003s, Rendered in 0.0138s, Displayed in 0.0006s
FPS: 64, Animated in 0.0004s, Rendered in 0.0140s, Displayed in 0.0006s
FPS: 65, Animated in 0.0003s, Rendered in 0.0140s, Displayed in 0.0006s
FPS: 65, Animated in 0.0003s, Rendered in 0.0139s, Displayed in 0.0007s
FPS: 65, Animated in 0.0003s, Rendered in 0.0127s, Displayed in 0.0004s
FPS: 65, Animated in 0.0009s, Rendered in 0.0140s, Displayed in 0.0006s
FPS: 64, Animated in 0.0004s, Rendered in 0.0140s, Displayed in 0.0007s
FPS: 65, Animated in 0.0004s, Rendered in 0.0138s, Displayed in 0.0006s
FPS: 65, Animated in 0.0004s, Rendered in 0.0140s, Displayed in 0.0006s
FPS: 65, Animated in 0.0003s, Rendered in 0.0140s, Displayed in 0.0007s
FPS: 65, Animated in 0.0003s, Rendered in 0.0127s, Displayed in 0.0005s
FPS: 62, Animated in 0.0275s, Rendered in 0.0140s, Displayed in 0.0006s
[IR] 0xE916FF00
FPS: 64, Animated in 0.0004s, Rendered in 0.0140s, Displayed in 0.0006s
FPS: 65, Animated in 0.0005s, Rendered in 0.0139s, Displayed in 0.0007s
FPS: 65, Animated in 0.0003s, Rendered in 0.0140s, Displayed in 0.0006s
FPS: 65, Animated in 0.0005s, Rendered in 0.0139s, Displayed in 0.0006s
FPS: 65, Animated in 0.0003s, Rendered in 0.0127s, Displayed in 0.0005s
FPS: 64, Animated in 0.0009s, Rendered in 0.0140s, Displayed in 0.0007s
FPS: 64, Animated in 0.0003s, Rendered in 0.0141s, Displayed in 0.0007s
FPS: 64, Animated in 0.0003s, Rendered in 0.0141s, Displayed in 0.0006s
FPS: 64, Animated in 0.0004s, Rendered in 0.0141s, Displayed in 0.0006s
FPS: 64, Animated in 0.0004s, Rendered in 0.0141s, Displayed in 0.0007s
FPS: 65, Animated in 0.0003s, Rendered in 0.0124s, Displayed in 0.0004s
FPS: 62, Animated in 0.0277s, Rendered in 0.0140s, Displayed in 0.0006s
FPS: 64, Animated in 0.0004s, Rendered in 0.0141s, Displayed in 0.0007s
FPS: 64, Animated in 0.0004s, Rendered in 0.0140s, Displayed in 0.0006s
FPS: 64, Animated in 0.0004s, Rendered in 0.0141s, Displayed in 0.0007s
FPS: 64, Animated in 0.0004s, Rendered in 0.0140s, Displayed in 0.0007s
FPS: 65, Animated in 0.0005s, Rendered in 0.0123s, Displayed in 0.0004s
FPS: 64, Animated in 0.0008s, Rendered in 0.0141s, Displayed in 0.0006s
FPS: 64, Animated in 0.0005s, Rendered in 0.0140s, Displayed in 0.0006s
FPS: 64, Animated in 0.0005s, Rendered in 0.0141s, Displayed in 0.0006s
FPS: 64, Animated in 0.0004s, Rendered in 0.0141s, Displayed in 0.0007s
FPS: 64, Animated in 0.0004s, Rendered in 0.0141s, Displayed in 0.0007s
FPS: 65, Animated in 0.0004s, Rendered in 0.0125s, Displayed in 0.0004s
FPS: 62, Animated in 0.0279s, Rendered in 0.0140s, Displayed in 0.0006s
FPS: 64, Animated in 0.0005s, Rendered in 0.0140s, Displayed in 0.0006s
FPS: 64, Animated in 0.0005s, Rendered in 0.0141s, Displayed in 0.0007s
FPS: 64, Animated in 0.0004s, Rendered in 0.0139s, Displayed in 0.0007s
FPS: 64, Animated in 0.0004s, Rendered in 0.0141s, Displayed in 0.0006s
FPS: 65, Animated in 0.0004s, Rendered in 0.0125s, Displayed in 0.0004s
FPS: 64, Animated in 0.0009s, Rendered in 0.0140s, Displayed in 0.0007s
FPS: 64, Animated in 0.0004s, Rendered in 0.0140s, Displayed in 0.0007s
[IR] 0xE718FF00
FPS: 64, Animated in 0.0006s, Rendered in 0.0138s, Displayed in 0.0007s
FPS: 64, Animated in 0.0004s, Rendered in 0.0140s, Displayed in 0.0007s
FPS: 64, Animated in 0.0004s, Rendered in 0.0140s, Displayed in 0.0006s
FPS: 65, Animated in 0.0004s, Rendered in 0.0125s, Displayed in 0.0005s
FPS: 61, Animated in 0.0277s, Rendered in 0.0139s, Displayed in 0.0007s
FPS: 63, Animated in 0.0004s, Rendered in 0.0140s, Displayed in 0.0007s
FPS: 64, Animated in 0.0005s, Rendered in 0.0140s, Displayed in 0.0007s
FPS: 64, Animated in 0.0005s, Rendered in 0.0141s, Displayed in 0.0007s
FPS: 64, Animated in 0.0004s, Rendered in 0.0139s, Displayed in 0.0006s
FPS: 65, Animated in 0.0005s, Rendered in 0.0125s, Displayed in 0.0004s
FPS: 64, Animated in 0.0010s, Rendered in 0.0140s, Displayed in 0.0006s
FPS: 64, Animated in 0.0004s, Rendered in 0.0141s, Displayed in 0.0006s
FPS: 64, Animated in 0.0005s, Rendered in 0.0141s, Displayed in 0.0007s
FPS: 64, Animated in 0.0005s, Rendered in 0.0139s, Displayed in 0.0007s
FPS: 64, Animated in 0.0003s, Rendered in 0.0141s, Displayed in 0.0007s
FPS: 65, Animated in 0.0003s, Rendered in 0.0125s, Displayed in 0.0004s
FPS: 61, Animated in 0.0277s, Rendered in 0.0140s, Displayed in 0.0006s
FPS: 63, Animated in 0.0004s, Rendered in 0.0141s, Displayed in 0.0006s
FPS: 64, Animated in 0.0004s, Rendered in 0.0140s, Displayed in 0.0006s
FPS: 64, Animated in 0.0004s, Rendered in 0.0141s, Displayed in 0.0006s
FPS: 64, Animated in 0.0004s, Rendered in 0.0141s, Displayed in 0.0008s
FPS: 65, Animated in 0.0005s, Rendered in 0.0123s, Displayed in 0.0004s
FPS: 64, Animated in 0.0009s, Rendered in 0.0141s, Displayed in 0.0008s
FPS: 64, Animated in 0.0004s, Rendered in 0.0140s, Displayed in 0.0006s
FPS: 64, Animated in 0.0004s, Rendered in 0.0141s, Displayed in 0.0006s
FPS: 64, Animated in 0.0005s, Rendered in 0.0140s, Displayed in 0.0006s
FPS: 64, Animated in 0.0006s, Rendered in 0.0140s, Displayed in 0.0006s
FPS: 65, Animated in 0.0005s, Rendered in 0.0124s, Displayed in 0.0004s
FPS: 61, Animated in 0.0278s, Rendered in 0.0139s, Displayed in 0.0007s
FPS: 63, Animated in 0.0005s, Rendered in 0.0139s, Displayed in 0.0007s
FPS: 64, Animated in 0.0004s, Rendered in 0.0140s, Displayed in 0.0007s
FPS: 64, Animated in 0.0004s, Rendered in 0.0139s, Displayed in 0.0007s
FPS: 64, Animated in 0.0004s, Rendered in 0.0140s, Displayed in 0.0006s
FPS: 65, Animated in 0.0004s, Rendered in 0.0125s, Displayed in 0.0004s
FPS: 64, Animated in 0.0009s, Rendered in 0.0141s, Displayed in 0.0007s
FPS: 64, Animated in 0.0004s, Rendered in 0.0140s, Displayed in 0.0006s
FPS: 64, Animated in 0.0006s, Rendered in 0.0138s, Displayed in 0.0006s
FPS: 64, Animated in 0.0004s, Rendered in 0.0140s, Displayed in 0.0006s
FPS: 64, Animated in 0.0004s, Rendered in 0.0140s, Displayed in 0.0006s
FPS: 65, Animated in 0.0005s, Rendered in 0.0125s, Displayed in 0.0004s
FPS: 61, Animated in 0.0277s, Rendered in 0.0140s, Displayed in 0.0006s
FPS: 63, Animated in 0.0004s, Rendered in 0.0140s, Displayed in 0.0006s
FPS: 64, Animated in 0.0005s, Rendered in 0.0140s, Displayed in 0.0006s
FPS: 64, Animated in 0.0004s, Rendered in 0.0140s, Displayed in 0.0008s
FPS: 64, Animated in 0.0005s, Rendered in 0.0139s, Displayed in 0.0007s
FPS: 65, Animated in 0.0004s, Rendered in 0.0126s, Displayed in 0.0004s
FPS: 64, Animated in 0.0010s, Rendered in 0.0139s, Displayed in 0.0007s
FPS: 64, Animated in 0.0004s, Rendered in 0.0141s, Displayed in 0.0006s
FPS: 64, Animated in 0.0004s, Rendered in 0.0140s, Displayed in 0.0007s
FPS: 64, Animated in 0.0004s, Rendered in 0.0140s, Displayed in 0.0007s
FPS: 64, Animated in 0.0004s, Rendered in 0.0140s, Displayed in 0.0008s
FPS: 65, Animated in 0.0004s, Rendered in 0.0124s, Displayed in 0.0004s
FPS: 61, Animated in 0.0278s, Rendered in 0.0139s, Displayed in 0.0007s
FPS: 63, Animated in 0.0004s, Rendered in 0.0140s, Displayed in 0.0008s
FPS: 64, Animated in 0.0005s, Rendered in 0.0139s, Displayed in 0.0007s
FPS: 64, Animated in 0.0004s, Rendered in 0.0142s, Displayed in 0.0006s
FPS: 64, Animated in 0.0004s, Rendered in 0.0141s, Displayed in 0.0007s
FPS: 65, Animated in 0.0005s, Rendered in 0.0124s, Displayed in 0.0004s
FPS: 64, Animated in 0.0009s, Rendered in 0.0140s, Displayed in 0.0006s
FPS: 64, Animated in 0.0005s, Rendered in 0.0140s, Displayed in 0.0006s
FPS: 64, Animated in 0.0004s, Rendered in 0.0139s, Displayed in 0.0008s
FPS: 64, Animated in 0.0005s, Rendered in 0.0139s, Displayed in 0.0007s
FPS: 64, Animated in 0.0004s, Rendered in 0.0141s, Displayed in 0.0007s
FPS: 65, Animated in 0.0004s, Rendered in 0.0126s, Displayed in 0.0004s
FPS: 61, Animated in 0.0278s, Rendered in 0.0139s, Displayed in 0.0007s
FPS: 63, Animated in 0.0004s, Rendered in 0.0141s, Displayed in 0.0007s
FPS: 64, Animated in 0.0004s, Rendered in 0.0140s, Displayed in 0.0006s
FPS: 64, Animated in 0.0005s, Rendered in 0.0139s, Displayed in 0.0007s
[IR] 0xA55AFF00
FPS: 64, Animated in 0.0004s, Rendered in 0.0142s, Displayed in 0.0006s
FPS: 65, Animated in 0.0004s, Rendered in 0.0125s, Displayed in 0.0004s
FPS: 64, Animated in 0.0009s, Rendered in 0.0141s, Displayed in 0.0006s
FPS: 64, Animated in 0.0004s, Rendered in 0.0140s, Displayed in 0.0006s
FPS: 64, Animated in 0.0004s, Rendered in 0.0141s, Displayed in 0.0006s
FPS: 64, Animated in 0.0004s, Rendered in 0.0140s, Displayed in 0.0008s
FPS: 64, Animated in 0.0004s, Rendered in 0.0140s, Displayed in 0.0006s
FPS: 65, Animated in 0.0004s, Rendered in 0.0125s, Displayed in 0.0004s
FPS: 62, Animated in 0.0276s, Rendered in 0.0140s, Displayed in 0.0008s
FPS: 64, Animated in 0.0003s, Rendered in 0.0140s, Displayed in 0.0006s
FPS: 64, Animated in 0.0004s, Rendered in 0.0141s, Displayed in 0.0006s
FPS: 64, Animated in 0.0004s, Rendered in 0.0140s, Displayed in 0.0007s
FPS: 64, Animated in 0.0003s, Rendered in 0.0141s, Displayed in 0.0007s
FPS: 65, Animated in 0.0003s, Rendered in 0.0126s, Displayed in 0.0004s
FPS: 64, Animated in 0.0008s, Rendered in 0.0141s, Displayed in 0.0007s
FPS: 64, Animated in 0.0004s, Rendered in 0.0140s, Displayed in 0.0008s
FPS: 64, Animated in 0.0005s, Rendered in 0.0139s, Displayed in 0.0007s
FPS: 64, Animated in 0.0004s, Rendered in 0.0141s, Displayed in 0.0007s
FPS: 64, Animated in 0.0004s, Rendered in 0.0140s, Displayed in 0.0007s
FPS: 65, Animated in 0.0005s, Rendered in 0.0124s, Displayed in 0.0004s
FPS: 61, Animated in 0.0275s, Rendered in 0.0140s, Displayed in 0.0006s
FPS: 63, Animated in 0.0004s, Rendered in 0.0140s, Displayed in 0.0006s
FPS: 64, Animated in 0.0003s, Rendered in 0.0141s, Displayed in 0.0007s
FPS: 64, Animated in 0.0003s, Rendered in 0.0140s, Displayed in 0.0008s
FPS: 64, Animated in 0.0003s, Rendered in 0.0139s, Displayed in 0.0006s
FPS: 65, Animated in 0.0003s, Rendered in 0.0126s, Displayed in 0.0004s
FPS: 64, Animated in 0.0009s, Rendered in 0.0139s, Displayed in 0.0006s
FPS: 64, Animated in 0.0003s, Rendered in 0.0140s, Displayed in 0.0007s
FPS: 64, Animated in 0.0003s, Rendered in 0.0140s, Displayed in 0.0006s
FPS: 64, Animated in 0.0003s, Rendered in 0.0140s, Displayed in 0.0006s
FPS: 64, Animated in 0.0003s, Rendered in 0.0139s, Displayed in 0.0007s
FPS: 65, Animated in 0.0004s, Rendered in 0.0125s, Displayed in 0.0004s
FPS: 62, Animated in 0.0275s, Rendered in 0.0139s, Displayed in 0.0006s
[IR] 0xE31CFF00
FPS: 64, Animated in 0.0005s, Rendered in 0.0140s, Displayed in 0.0006s
FPS: 64, Animated in 0.0005s, Rendered in 0.0139s, Displayed in 0.0006s
FPS: 64, Animated in 0.0004s, Rendered in 0.0140s, Displayed in 0.0007s
FPS: 64, Animated in 0.0004s, Rendered in 0.0140s, Displayed in 0.0006s
FPS: 65, Animated in 0.0005s, Rendered in 0.0126s, Displayed in 0.0004s
FPS: 64, Animated in 0.0009s, Rendered in 0.0139s, Displayed in 0.0007s
FPS: 64, Animated in 0.0004s, Rendered in 0.0142s, Displayed in 0.0006s
FPS: 64, Animated in 0.0004s, Rendered in 0.0140s, Displayed in 0.0007s
FPS: 64, Animated in 0.0005s, Rendered in 0.0139s, Displayed in 0.0007s
FPS: 64, Animated in 0.0005s, Rendered in 0.0140s, Displayed in 0.0007s
FPS: 65, Animated in 0.0005s, Rendered in 0.0125s, Displayed in 0.0004s
FPS: 62, Animated in 0.0278s, Rendered in 0.0139s, Displayed in 0.0006s
FPS: 64, Animated in 0.0004s, Rendered in 0.0140s, Displayed in 0.0007s
FPS: 64, Animated in 0.0003s, Rendered in 0.0140s, Displayed in 0.0007s
FPS: 64, Animated in 0.0003s, Rendered in 0.0141s, Displayed in 0.0006s
FPS: 64, Animated in 0.0004s, Rendered in 0.0141s, Displayed in 0.0007s
FPS: 65, Animated in 0.0003s, Rendered in 0.0125s, Displayed in 0.0004s
FPS: 64, Animated in 0.0008s, Rendered in 0.0140s, Displayed in 0.0007s
FPS: 64, Animated in 0.0003s, Rendered in 0.0140s, Displayed in 0.0006s
FPS: 64, Animated in 0.0004s, Rendered in 0.0140s, Displayed in 0.0007s
FPS: 64, Animated in 0.0003s, Rendered in 0.0141s, Displayed in 0.0007s
FPS: 64, Animated in 0.0003s, Rendered in 0.0141s, Displayed in 0.0006s
FPS: 65, Animated in 0.0004s, Rendered in 0.0126s, Displayed in 0.0004s
FPS: 62, Animated in 0.0278s, Rendered in 0.0139s, Displayed in 0.0007s
[IR] 0xF708FF00
FPS: 64, Animated in 0.0004s, Rendered in 0.0141s, Displayed in 0.0007s
FPS: 64, Animated in 0.0003s, Rendered in 0.0141s, Displayed in 0.0007s
FPS: 64, Animated in 0.0004s, Rendered in 0.0139s, Displayed in 0.0006s
FPS: 64, Animated in 0.0004s, Rendered in 0.0140s, Displayed in 0.0006s
FPS: 65, Animated in 0.0003s, Rendered in 0.0126s, Displayed in 0.0004s
FPS: 64, Animated in 0.0008s, Rendered in 0.0141s, Displayed in 0.0006s
FPS: 64, Animated in 0.0004s, Rendered in 0.0140s, Displayed in 0.0006s
FPS: 64, Animated in 0.0005s, Rendered in 0.0140s, Displayed in 0.0006s
FPS: 64, Animated in 0.0003s, Rendered in 0.0141s, Displayed in 0.0007s
FPS: 64, Animated in 0.0004s, Rendered in 0.0139s, Displayed in 0.0007s
FPS: 65, Animated in 0.0003s, Rendered in 0.0126s, Displayed in 0.0004s
FPS: 62, Animated in 0.0276s, Rendered in 0.0140s, Displayed in 0.0007s
FPS: 64, Animated in 0.0004s, Rendered in 0.0139s, Displayed in 0.0006s
FPS: 64, Animated in 0.0004s, Rendered in 0.0140s, Displayed in 0.0006s
FPS: 64, Animated in 0.0004s, Rendered in 0.0141s, Displayed in 0.0006s
FPS: 64, Animated in 0.0005s, Rendered in 0.0139s, Displayed in 0.0007s
FPS: 65, Animated in 0.0003s, Rendered in 0.0126s, Displayed in 0.0004s
FPS: 64, Animated in 0.0010s, Rendered in 0.0140s, Displayed in 0.0006s
FPS: 64, Animated in 0.0004s, Rendered in 0.0140s, Displayed in 0.0007s
FPS: 64, Animated in 0.0004s, Rendered in 0.0139s, Displayed in 0.0006s
FPS: 64, Animated in 0.0003s, Rendered in 0.0140s, Displayed in 0.0006s
FPS: 64, Animated in 0.0004s, Rendered in 0.0139s, Displayed in 0.0007s
FPS: 65, Animated in 0.0004s, Rendered in 0.0126s, Displayed in 0.0004s
FPS: 62, Animated in 0.0276s, Rendered in 0.0140s, Displayed in 0.0006s
FPS: 64, Animated in 0.0004s, Rendered in 0.0139s, Displayed in 0.0007s
FPS: 64, Animated in 0.0003s, Rendered in 0.0140s, Displayed in 0.0007s
[IR] 0xAD52FF00
FPS: 64, Animated in 0.0004s, Rendered in 0.0140s, Displayed in 0.0007s
FPS: 64, Animated in 0.0005s, Rendered in 0.0139s, Displayed in 0.0007s
FPS: 65, Animated in 0.0004s, Rendered in 0.0126s, Displayed in 0.0004s
FPS: 64, Animated in 0.0010s, Rendered in 0.0140s, Displayed in 0.0006s
FPS: 64, Animated in 0.0004s, Rendered in 0.0151s, Displayed in 0.0007s
FPS: 64, Animated in 0.0004s, Rendered in 0.0152s, Displayed in 0.0006s
FPS: 64, Animated in 0.0004s, Rendered in 0.0152s, Displayed in 0.0006s
FPS: 64, Animated in 0.0005s, Rendered in 0.0151s, Displayed in 0.0007s
FPS: 65, Animated in 0.0004s, Rendered in 0.0118s, Displayed in 0.0004s
FPS: 61, Animated in 0.0277s, Rendered in 0.0150s, Displayed in 0.0007s
FPS: 63, Animated in 0.0004s, Rendered in 0.0151s, Displayed in 0.0006s
FPS: 64, Animated in 0.0004s, Rendered in 0.0152s, Displayed in 0.0007s
FPS: 64, Animated in 0.0004s, Rendered in 0.0152s, Displayed in 0.0006s
FPS: 63, Animated in 0.0005s, Rendered in 0.0151s, Displayed in 0.0006s
FPS: 65, Animated in 0.0005s, Rendered in 0.0114s, Displayed in 0.0004s
FPS: 64, Animated in 0.0010s, Rendered in 0.0151s, Displayed in 0.0006s
FPS: 63, Animated in 0.0004s, Rendered in 0.0151s, Displayed in 0.0007s
FPS: 63, Animated in 0.0004s, Rendered in 0.0151s, Displayed in 0.0007s
FPS: 63, Animated in 0.0005s, Rendered in 0.0149s, Displayed in 0.0007s
FPS: 63, Animated in 0.0005s, Rendered in 0.0149s, Displayed in 0.0007s
FPS: 60, Animated in 0.0281s, Rendered in 0.0149s, Displayed in 0.0007s
FPS: 62, Animated in 0.0005s, Rendered in 0.0150s, Displayed in 0.0007s
FPS: 62, Animated in 0.0005s, Rendered in 0.0149s, Displayed in 0.0007s
FPS: 63, Animated in 0.0005s, Rendered in 0.0149s, Displayed in 0.0006s
FPS: 63, Animated in 0.0006s, Rendered in 0.0149s, Displayed in 0.0006s
FPS: 64, Animated in 0.0004s, Rendered in 0.0115s, Displayed in 0.0004s
FPS: 63, Animated in 0.0011s, Rendered in 0.0149s, Displayed in 0.0007s
FPS: 63, Animated in 0.0004s, Rendered in 0.0151s, Displayed in 0.0007s
FPS: 62, Animated in 0.0005s, Rendered in 0.0150s, Displayed in 0.0007s
FPS: 62, Animated in 0.0004s, Rendered in 0.0150s, Displayed in 0.0007s
FPS: 62, Animated in 0.0004s, Rendered in 0.0151s, Displayed in 0.0007s
FPS: 60, Animated in 0.0282s, Rendered in 0.0149s, Displayed in 0.0007s
FPS: 61, Animated in 0.0004s, Rendered in 0.0151s, Displayed in 0.0006s
FPS: 61, Animated in 0.0005s, Rendered in 0.0149s, Displayed in 0.0006s
FPS: 61, Animated in 0.0005s, Rendered in 0.0149s, Displayed in 0.0007s
FPS: 62, Animated in 0.0004s, Rendered in 0.0150s, Displayed in 0.0006s
FPS: 63, Animated in 0.0005s, Rendered in 0.0115s, Displayed in 0.0004s
FPS: 62, Animated in 0.0010s, Rendered in 0.0149s, Displayed in 0.0007s
FPS: 62, Animated in 0.0005s, Rendered in 0.0148s, Displayed in 0.0006s
FPS: 62, Animated in 0.0005s, Rendered in 0.0148s, Displayed in 0.0007s
FPS: 62, Animated in 0.0005s, Rendered in 0.0149s, Displayed in 0.0006s
FPS: 62, Animated in 0.0005s, Rendered in 0.0150s, Displayed in 0.0006s
FPS: 59, Animated in 0.0281s, Rendered in 0.0148s, Displayed in 0.0006s
FPS: 61, Animated in 0.0006s, Rendered in 0.0149s, Displayed in 0.0006s
FPS: 61, Animated in 0.0005s, Rendered in 0.0150s, Displayed in 0.0007s
FPS: 61, Animated in 0.0004s, Rendered in 0.0151s, Displayed in 0.0007s
FPS: 60, Animated in 0.0004s, Rendered in 0.0150s, Displayed in 0.0006s
FPS: 62, Animated in 0.0005s, Rendered in 0.0115s, Displayed in 0.0005s
FPS: 61, Animated in 0.0010s, Rendered in 0.0149s, Displayed in 0.0007s
FPS: 61, Animated in 0.0004s, Rendered in 0.0150s, Displayed in 0.0006s
FPS: 61, Animated in 0.0004s, Rendered in 0.0149s, Displayed in 0.0007s
FPS: 61, Animated in 0.0005s, Rendered in 0.0149s, Displayed in 0.0007s
FPS: 61, Animated in 0.0005s, Rendered in 0.0149s, Displayed in 0.0007s
FPS: 58, Animated in 0.0281s, Rendered in 0.0149s, Displayed in 0.0007s
FPS: 60, Animated in 0.0005s, Rendered in 0.0150s, Displayed in 0.0007s
FPS: 60, Animated in 0.0004s, Rendered in 0.0151s, Displayed in 0.0007s
FPS: 60, Animated in 0.0005s, Rendered in 0.0149s, Displayed in 0.0006s
FPS: 60, Animated in 0.0006s, Rendered in 0.0149s, Displayed in 0.0006s
FPS: 61, Animated in 0.0004s, Rendered in 0.0115s, Displayed in 0.0004s
FPS: 61, Animated in 0.0011s, Rendered in 0.0149s, Displayed in 0.0007s
FPS: 61, Animated in 0.0004s, Rendered in 0.0151s, Displayed in 0.0007s
FPS: 61, Animated in 0.0004s, Rendered in 0.0150s, Displayed in 0.0007s
FPS: 61, Animated in 0.0004s, Rendered in 0.0150s, Displayed in 0.0006s
FPS: 61, Animated in 0.0005s, Rendered in 0.0150s, Displayed in 0.0006s
FPS: 58, Animated in 0.0282s, Rendered in 0.0149s, Displayed in 0.0007s
FPS: 60, Animated in 0.0004s, Rendered in 0.0151s, Displayed in 0.0006s
FPS: 60, Animated in 0.0004s, Rendered in 0.0150s, Displayed in 0.0007s
FPS: 60, Animated in 0.0004s, Rendered in 0.0150s, Displayed in 0.0006s
FPS: 60, Animated in 0.0005s, Rendered in 0.0150s, Displayed in 0.0006s
FPS: 61, Animated in 0.0004s, Rendered in 0.0115s, Displayed in 0.0004s
FPS: 61, Animated in 0.0009s, Rendered in 0.0150s, Displayed in 0.0006s
FPS: 61, Animated in 0.0005s, Rendered in 0.0150s, Displayed in 0.0007s
FPS: 61, Animated in 0.0005s, Rendered in 0.0149s, Displayed in 0.0006s
FPS: 61, Animated in 0.0007s, Rendered in 0.0149s, Displayed in 0.0006s
FPS: 61, Animated in 0.0005s, Rendered in 0.0150s, Displayed in 0.0006s
FPS: 58, Animated in 0.0283s, Rendered in 0.0149s, Displayed in 0.0007s
FPS: 60, Animated in 0.0005s, Rendered in 0.0150s, Displayed in 0.0007s
FPS: 60, Animated in 0.0005s, Rendered in 0.0150s, Displayed in 0.0006s
FPS: 60, Animated in 0.0006s, Rendered in 0.0150s, Displayed in 0.0007s
FPS: 60, Animated in 0.0006s, Rendered in 0.0150s, Displayed in 0.0006s
FPS: 61, Animated in 0.0005s, Rendered in 0.0114s, Displayed in 0.0004s
FPS: 61, Animated in 0.0010s, Rendered in 0.0151s, Displayed in 0.0006s
FPS: 61, Animated in 0.0005s, Rendered in 0.0151s, Displayed in 0.0007s
FPS: 61, Animated in 0.0005s, Rendered in 0.0150s, Displayed in 0.0006s
FPS: 61, Animated in 0.0005s, Rendered in 0.0151s, Displayed in 0.0006s
FPS: 61, Animated in 0.0005s, Rendered in 0.0151s, Displayed in 0.0006s
FPS: 58, Animated in 0.0282s, Rendered in 0.0149s, Displayed in 0.0007s
FPS: 60, Animated in 0.0005s, Rendered in 0.0151s, Displayed in 0.0006s
FPS: 60, Animated in 0.0005s, Rendered in 0.0150s, Displayed in 0.0006s
FPS: 60, Animated in 0.0005s, Rendered in 0.0150s, Displayed in 0.0006s
FPS: 60, Animated in 0.0005s, Rendered in 0.0151s, Displayed in 0.0006s
FPS: 61, Animated in 0.0005s, Rendered in 0.0114s, Displayed in 0.0004s
FPS: 61, Animated in 0.0009s, Rendered in 0.0151s, Displayed in 0.0007s
FPS: 61, Animated in 0.0005s, Rendered in 0.0151s, Displayed in 0.0006s
FPS: 61, Animated in 0.0005s, Rendered in 0.0151s, Displayed in 0.0007s
FPS: 61, Animated in 0.0004s, Rendered in 0.0150s, Displayed in 0.0006s
FPS: 61, Animated in 0.0007s, Rendered in 0.0149s, Displayed in 0.0007s
FPS: 58, Animated in 0.0282s, Rendered in 0.0149s, Displayed in 0.0007s
FPS: 60, Animated in 0.0005s, Rendered in 0.0151s, Displayed in 0.0006s
FPS: 60, Animated in 0.0005s, Rendered in 0.0151s, Displayed in 0.0006s
FPS: 60, Animated in 0.0004s, Rendered in 0.0151s, Displayed in 0.0007s
FPS: 60, Animated in 0.0005s, Rendered in 0.0150s, Displayed in 0.0006s
FPS: 61, Animated in 0.0005s, Rendered in 0.0113s, Displayed in 0.0004s
FPS: 61, Animated in 0.0010s, Rendered in 0.0150s, Displayed in 0.0006s
FPS: 61, Animated in 0.0005s, Rendered in 0.0150s, Displayed in 0.0006s
FPS: 61, Animated in 0.0004s, Rendered in 0.0151s, Displayed in 0.0006s
FPS: 61, Animated in 0.0004s, Rendered in 0.0151s, Displayed in 0.0007s
FPS: 61, Animated in 0.0004s, Rendered in 0.0151s, Displayed in 0.0006s
FPS: 58, Animated in 0.0281s, Rendered in 0.0149s, Displayed in 0.0007s
FPS: 60, Animated in 0.0005s, Rendered in 0.0150s, Displayed in 0.0007s
FPS: 60, Animated in 0.0004s, Rendered in 0.0151s, Displayed in 0.0007s
FPS: 60, Animated in 0.0005s, Rendered in 0.0150s, Displayed in 0.0007s
FPS: 60, Animated in 0.0005s, Rendered in 0.0150s, Displayed in 0.0007s
FPS: 61, Animated in 0.0005s, Rendered in 0.0114s, Displayed in 0.0004s
FPS: 61, Animated in 0.0010s, Rendered in 0.0151s, Displayed in 0.0006s
FPS: 61, Animated in 0.0005s, Rendered in 0.0151s, Displayed in 0.0007s
FPS: 61, Animated in 0.0004s, Rendered in 0.0152s, Displayed in 0.0006s
FPS: 61, Animated in 0.0005s, Rendered in 0.0152s, Displayed in 0.0007s
FPS: 61, Animated in 0.0005s, Rendered in 0.0151s, Displayed in 0.0007s
FPS: 57, Animated in 0.0281s, Rendered in 0.0150s, Displayed in 0.0006s
FPS: 59, Animated in 0.0005s, Rendered in 0.0151s, Displayed in 0.0006s
FPS: 59, Animated in 0.0005s, Rendered in 0.0152s, Displayed in 0.0006s
FPS: 59, Animated in 0.0005s, Rendered in 0.0152s, Displayed in 0.0007s
FPS: 59, Animated in 0.0004s, Rendered in 0.0152s, Displayed in 0.0006s
FPS: 61, Animated in 0.0005s, Rendered in 0.0113s, Displayed in 0.0004s
FPS: 60, Animated in 0.0010s, Rendered in 0.0151s, Displayed in 0.0006s
FPS: 60, Animated in 0.0005s, Rendered in 0.0151s, Displayed in 0.0007s
FPS: 61, Animated in 0.0005s, Rendered in 0.0150s, Displayed in 0.0007s
FPS: 60, Animated in 0.0006s, Rendered in 0.0151s, Displayed in 0.0006s
FPS: 60, Animated in 0.0005s, Rendered in 0.0151s, Displayed in 0.0007s
FPS: 57, Animated in 0.0281s, Rendered in 0.0150s, Displayed in 0.0006s
FPS: 59, Animated in 0.0005s, Rendered in 0.0151s, Displayed in 0.0007s
FPS: 59, Animated in 0.0005s, Rendered in 0.0151s, Displayed in 0.0007s
FPS: 59, Animated in 0.0005s, Rendered in 0.0150s, Displayed in 0.0007s
FPS: 59, Animated in 0.0005s, Rendered in 0.0150s, Displayed in 0.0006s
FPS: 61, Animated in 0.0005s, Rendered in 0.0112s, Displayed in 0.0004s
FPS: 60, Animated in 0.0011s, Rendered in 0.0151s, Displayed in 0.0006s
FPS: 60, Animated in 0.0004s, Rendered in 0.0151s, Displayed in 0.0007s
FPS: 60, Animated in 0.0004s, Rendered in 0.0151s, Displayed in 0.0007s
FPS: 60, Animated in 0.0004s, Rendered in 0.0152s, Displayed in 0.0006s
FPS: 60, Animated in 0.0005s, Rendered in 0.0151s, Displayed in 0.0006s
FPS: 57, Animated in 0.0283s, Rendered in 0.0151s, Displayed in 0.0006s
FPS: 59, Animated in 0.0005s, Rendered in 0.0151s, Displayed in 0.0006s
FPS: 59, Animated in 0.0005s, Rendered in 0.0151s, Displayed in 0.0007s
FPS: 59, Animated in 0.0005s, Rendered in 0.0151s, Displayed in 0.0006s
FPS: 59, Animated in 0.0005s, Rendered in 0.0151s, Displayed in 0.0007s
FPS: 61, Animated in 0.0005s, Rendered in 0.0113s, Displayed in 0.0004s
FPS: 60, Animated in 0.0010s, Rendered in 0.0151s, Displayed in 0.0006s
FPS: 60, Animated in 0.0005s, Rendered in 0.0151s, Displayed in 0.0007s
FPS: 60, Animated in 0.0005s, Rendered in 0.0151s, Displayed in 0.0006s
FPS: 60, Animated in 0.0005s, Rendered in 0.0151s, Displayed in 0.0007s
FPS: 60, Animated in 0.0005s, Rendered in 0.0151s, Displayed in 0.0006s
FPS: 57, Animated in 0.0280s, Rendered in 0.0150s, Displayed in 0.0007s
FPS: 59, Animated in 0.0004s, Rendered in 0.0151s, Displayed in 0.0006s
FPS: 59, Animated in 0.0005s, Rendered in 0.0151s, Displayed in 0.0006s
FPS: 59, Animated in 0.0004s, Rendered in 0.0151s, Displayed in 0.0006s
FPS: 59, Animated in 0.0004s, Rendered in 0.0151s, Displayed in 0.0006s
FPS: 61, Animated in 0.0004s, Rendered in 0.0115s, Displayed in 0.0004s
FPS: 60, Animated in 0.0010s, Rendered in 0.0151s, Displayed in 0.0006s
FPS: 60, Animated in 0.0005s, Rendered in 0.0151s, Displayed in 0.0007s
FPS: 60, Animated in 0.0004s, Rendered in 0.0150s, Displayed in 0.0007s
FPS: 60, Animated in 0.0005s, Rendered in 0.0150s, Displayed in 0.0007s
FPS: 60, Animated in 0.0005s, Rendered in 0.0151s, Displayed in 0.0006s
FPS: 57, Animated in 0.0281s, Rendered in 0.0150s, Displayed in 0.0007s
FPS: 59, Animated in 0.0004s, Rendered in 0.0151s, Displayed in 0.0007s
FPS: 59, Animated in 0.0005s, Rendered in 0.0149s, Displayed in 0.0007s
FPS: 59, Animated in 0.0004s, Rendered in 0.0149s, Displayed in 0.0007s
FPS: 59, Animated in 0.0004s, Rendered in 0.0150s, Displayed in 0.0007s
FPS: 61, Animated in 0.0004s, Rendered in 0.0114s, Displayed in 0.0005s
FPS: 60, Animated in 0.0009s, Rendered in 0.0150s, Displayed in 0.0007s
FPS: 60, Animated in 0.0004s, Rendered in 0.0151s, Displayed in 0.0007s
FPS: 60, Animated in 0.0005s, Rendered in 0.0150s, Displayed in 0.0007s
FPS: 61, Animated in 0.0004s, Rendered in 0.0151s, Displayed in 0.0007s
FPS: 61, Animated in 0.0004s, Rendered in 0.0151s, Displayed in 0.0007s
FPS: 57, Animated in 0.0281s, Rendered in 0.0149s, Displayed in 0.0007s
FPS: 59, Animated in 0.0004s, Rendered in 0.0150s, Displayed in 0.0006s
FPS: 59, Animated in 0.0004s, Rendered in 0.0151s, Displayed in 0.0007s
FPS: 59, Animated in 0.0004s, Rendered in 0.0151s, Displayed in 0.0006s
FPS: 59, Animated in 0.0004s, Rendered in 0.0151s, Displayed in 0.0006s
FPS: 61, Animated in 0.0004s, Rendered in 0.0115s, Displayed in 0.0004s
FPS: 60, Animated in 0.0010s, Rendered in 0.0151s, Displayed in 0.0006s
FPS: 61, Animated in 0.0005s, Rendered in 0.0151s, Displayed in 0.0007s
FPS: 61, Animated in 0.0004s, Rendered in 0.0150s, Displayed in 0.0006s
FPS: 61, Animated in 0.0007s, Rendered in 0.0149s, Displayed in 0.0007s
FPS: 61, Animated in 0.0005s, Rendered in 0.0150s, Displayed in 0.0007s
FPS: 58, Animated in 0.0281s, Rendered in 0.0150s, Displayed in 0.0006s
FPS: 59, Animated in 0.0005s, Rendered in 0.0151s, Displayed in 0.0007s
FPS: 60, Animated in 0.0004s, Rendered in 0.0150s, Displayed in 0.0006s
FPS: 59, Animated in 0.0007s, Rendered in 0.0149s, Displayed in 0.0007s
FPS: 59, Animated in 0.0004s, Rendered in 0.0151s, Displayed in 0.0007s
FPS: 61, Animated in 0.0004s, Rendered in 0.0114s, Displayed in 0.0004s
FPS: 60, Animated in 0.0010s, Rendered in 0.0151s, Displayed in 0.0006s
FPS: 61, Animated in 0.0005s, Rendered in 0.0151s, Displayed in 0.0006s
FPS: 61, Animated in 0.0005s, Rendered in 0.0151s, Displayed in 0.0006s
FPS: 61, Animated in 0.0005s, Rendered in 0.0151s, Displayed in 0.0006s
FPS: 61, Animated in 0.0005s, Rendered in 0.0151s, Displayed in 0.0007s
FPS: 58, Animated in 0.0281s, Rendered in 0.0149s, Displayed in 0.0007s
FPS: 60, Animated in 0.0004s, Rendered in 0.0151s, Displayed in 0.0007s
FPS: 60, Animated in 0.0004s, Rendered in 0.0151s, Displayed in 0.0007s
FPS: 60, Animated in 0.0005s, Rendered in 0.0151s, Displayed in 0.0006s
FPS: 60, Animated in 0.0005s, Rendered in 0.0151s, Displayed in 0.0006s
FPS: 61, Animated in 0.0004s, Rendered in 0.0115s, Displayed in 0.0004s
FPS: 61, Animated in 0.0010s, Rendered in 0.0151s, Displayed in 0.0006s
FPS: 61, Animated in 0.0005s, Rendered in 0.0151s, Displayed in 0.0007s
FPS: 61, Animated in 0.0004s, Rendered in 0.0150s, Displayed in 0.0007s
FPS: 61, Animated in 0.0005s, Rendered in 0.0149s, Displayed in 0.0007s
FPS: 61, Animated in 0.0005s, Rendered in 0.0149s, Displayed in 0.0007s
FPS: 58, Animated in 0.0282s, Rendered in 0.0150s, Displayed in 0.0006s
FPS: 60, Animated in 0.0005s, Rendered in 0.0151s, Displayed in 0.0006s
FPS: 60, Animated in 0.0004s, Rendered in 0.0151s, Displayed in 0.0007s
FPS: 60, Animated in 0.0004s, Rendered in 0.0150s, Displayed in 0.0006s
FPS: 60, Animated in 0.0005s, Rendered in 0.0149s, Displayed in 0.0007s
FPS: 61, Animated in 0.0004s, Rendered in 0.0114s, Displayed in 0.0005s
FPS: 61, Animated in 0.0011s, Rendered in 0.0149s, Displayed in 0.0007s
FPS: 61, Animated in 0.0005s, Rendered in 0.0151s, Displayed in 0.0006s
FPS: 61, Animated in 0.0004s, Rendered in 0.0151s, Displayed in 0.0006s
FPS: 61, Animated in 0.0005s, Rendered in 0.0151s, Displayed in 0.0006s
FPS: 61, Animated in 0.0005s, Rendered in 0.0151s, Displayed in 0.0007s
FPS: 58, Animated in 0.0281s, Rendered in 0.0149s, Displayed in 0.0007s
FPS: 59, Animated in 0.0009s, Rendered in 0.0150s, Displayed in 0.0006s
FPS: 59, Animated in 0.0008s, Rendered in 0.0150s, Displayed in 0.0006s
FPS: 59, Animated in 0.0008s, Rendered in 0.0150s, Displayed in 0.0006s
FPS: 59, Animated in 0.0009s, Rendered in 0.0149s, Displayed in 0.0006s
FPS: 61, Animated in 0.0009s, Rendered in 0.0108s, Displayed in 0.0004s
FPS: 60, Animated in 0.0012s, Rendered in 0.0149s, Displayed in 0.0006s
FPS: 61, Animated in 0.0005s, Rendered in 0.0150s, Displayed in 0.0006s
FPS: 61, Animated in 0.0005s, Rendered in 0.0150s, Displayed in 0.0006s
FPS: 61, Animated in 0.0005s, Rendered in 0.0150s, Displayed in 0.0006s
FPS: 61, Animated in 0.0005s, Rendered in 0.0151s, Displayed in 0.0007s
FPS: 57, Animated in 0.0282s, Rendered in 0.0150s, Displayed in 0.0006s
FPS: 59, Animated in 0.0005s, Rendered in 0.0151s, Displayed in 0.0006s
FPS: 59, Animated in 0.0004s, Rendered in 0.0151s, Displayed in 0.0007s
FPS: 59, Animated in 0.0004s, Rendered in 0.0151s, Displayed in 0.0007s
FPS: 59, Animated in 0.0004s, Rendered in 0.0152s, Displayed in 0.0006s
FPS: 61, Animated in 0.0005s, Rendered in 0.0113s, Displayed in 0.0005s
FPS: 60, Animated in 0.0010s, Rendered in 0.0149s, Displayed in 0.0007s
FPS: 61, Animated in 0.0005s, Rendered in 0.0149s, Displayed in 0.0007s
FPS: 61, Animated in 0.0005s, Rendered in 0.0149s, Displayed in 0.0007s
FPS: 61, Animated in 0.0005s, Rendered in 0.0150s, Displayed in 0.0007s
FPS: 61, Animated in 0.0005s, Rendered in 0.0151s, Displayed in 0.0006s
FPS: 57, Animated in 0.0281s, Rendered in 0.0149s, Displayed in 0.0007s
FPS: 60, Animated in 0.0004s, Rendered in 0.0149s, Displayed in 0.0007s
FPS: 59, Animated in 0.0005s, Rendered in 0.0149s, Displayed in 0.0007s
FPS: 59, Animated in 0.0004s, Rendered in 0.0151s, Displayed in 0.0007s
FPS: 59, Animated in 0.0004s, Rendered in 0.0151s, Displayed in 0.0007s
FPS: 61, Animated in 0.0005s, Rendered in 0.0115s, Displayed in 0.0004s
FPS: 60, Animated in 0.0010s, Rendered in 0.0151s, Displayed in 0.0006s
FPS: 61, Animated in 0.0005s, Rendered in 0.0151s, Displayed in 0.0007s
FPS: 61, Animated in 0.0004s, Rendered in 0.0151s, Displayed in 0.0007s
FPS: 61, Animated in 0.0004s, Rendered in 0.0151s, Displayed in 0.0006s
FPS: 61, Animated in 0.0004s, Rendered in 0.0151s, Displayed in 0.0007s
FPS: 57, Animated in 0.0280s, Rendered in 0.0150s, Displayed in 0.0006s
FPS: 59, Animated in 0.0004s, Rendered in 0.0151s, Displayed in 0.0007s
FPS: 59, Animated in 0.0004s, Rendered in 0.0151s, Displayed in 0.0007s
FPS: 59, Animated in 0.0005s, Rendered in 0.0151s, Displayed in 0.0006s
FPS: 59, Animated in 0.0004s, Rendered in 0.0151s, Displayed in 0.0006s
FPS: 61, Animated in 0.0004s, Rendered in 0.0114s, Displayed in 0.0004s
FPS: 60, Animated in 0.0010s, Rendered in 0.0151s, Displayed in 0.0007s
FPS: 61, Animated in 0.0004s, Rendered in 0.0150s, Displayed in 0.0006s
FPS: 61, Animated in 0.0005s, Rendered in 0.0150s, Displayed in 0.0006s
FPS: 61, Animated in 0.0005s, Rendered in 0.0151s, Displayed in 0.0007s
FPS: 61, Animated in 0.0004s, Rendered in 0.0151s, Displayed in 0.0007s
FPS: 57, Animated in 0.0281s, Rendered in 0.0150s, Displayed in 0.0007s
FPS: 59, Animated in 0.0005s, Rendered in 0.0149s, Displayed in 0.0008s
FPS: 59, Animated in 0.0005s, Rendered in 0.0149s, Displayed in 0.0007s
FPS: 59, Animated in 0.0005s, Rendered in 0.0150s, Displayed in 0.0006s
FPS: 59, Animated in 0.0005s, Rendered in 0.0151s, Displayed in 0.0006s
FPS: 61, Animated in 0.0005s, Rendered in 0.0114s, Displayed in 0.0004s
FPS: 60, Animated in 0.0009s, Rendered in 0.0151s, Displayed in 0.0007s
FPS: 60, Animated in 0.0008s, Rendered in 0.0151s, Displayed in 0.0006s
FPS: 60, Animated in 0.0008s, Rendered in 0.0152s, Displayed in 0.0006s
FPS: 60, Animated in 0.0008s, Rendered in 0.0151s, Displayed in 0.0007s
FPS: 60, Animated in 0.0008s, Rendered in 0.0152s, Displayed in 0.0007s
FPS: 57, Animated in 0.0283s, Rendered in 0.0151s, Displayed in 0.0006s
FPS: 59, Animated in 0.0005s, Rendered in 0.0151s, Displayed in 0.0008s
FPS: 59, Animated in 0.0005s, Rendered in 0.0151s, Displayed in 0.0008s
FPS: 59, Animated in 0.0005s, Rendered in 0.0150s, Displayed in 0.0006s
FPS: 59, Animated in 0.0007s, Rendered in 0.0149s, Displayed in 0.0006s
FPS: 61, Animated in 0.0005s, Rendered in 0.0113s, Displayed in 0.0004s
FPS: 60, Animated in 0.0010s, Rendered in 0.0151s, Displayed in 0.0006s
FPS: 60, Animated in 0.0005s, Rendered in 0.0151s, Displayed in 0.0007s
FPS: 60, Animated in 0.0005s, Rendered in 0.0151s, Displayed in 0.0006s
FPS: 60, Animated in 0.0005s, Rendered in 0.0151s, Displayed in 0.0006s
FPS: 60, Animated in 0.0005s, Rendered in 0.0151s, Displayed in 0.0007s
FPS: 57, Animated in 0.0281s, Rendered in 0.0150s, Displayed in 0.0006s
FPS: 59, Animated in 0.0005s, Rendered in 0.0151s, Displayed in 0.0006s
FPS: 59, Animated in 0.0004s, Rendered in 0.0151s, Displayed in 0.0006s
FPS: 59, Animated in 0.0004s, Rendered in 0.0151s, Displayed in 0.0007s
FPS: 59, Animated in 0.0004s, Rendered in 0.0151s, Displayed in 0.0007s
FPS: 61, Animated in 0.0004s, Rendered in 0.0114s, Displayed in 0.0004s
FPS: 60, Animated in 0.0009s, Rendered in 0.0151s, Displayed in 0.0007s
FPS: 60, Animated in 0.0004s, Rendered in 0.0151s, Displayed in 0.0007s
FPS: 60, Animated in 0.0004s, Rendered in 0.0150s, Displayed in 0.0008s
FPS: 60, Animated in 0.0005s, Rendered in 0.0149s, Displayed in 0.0006s
FPS: 60, Animated in 0.0006s, Rendered in 0.0149s, Displayed in 0.0006s
FPS: 57, Animated in 0.0283s, Rendered in 0.0149s, Displayed in 0.0007s
FPS: 59, Animated in 0.0004s, Rendered in 0.0151s, Displayed in 0.0007s
FPS: 59, Animated in 0.0005s, Rendered in 0.0150s, Displayed in 0.0008s
FPS: 59, Animated in 0.0005s, Rendered in 0.0149s, Displayed in 0.0007s
FPS: 59, Animated in 0.0006s, Rendered in 0.0149s, Displayed in 0.0006s
FPS: 61, Animated in 0.0005s, Rendered in 0.0114s, Displayed in 0.0004s
FPS: 60, Animated in 0.0012s, Rendered in 0.0149s, Displayed in 0.0006s
FPS: 60, Animated in 0.0005s, Rendered in 0.0150s, Displayed in 0.0006s
FPS: 60, Animated in 0.0005s, Rendered in 0.0151s, Displayed in 0.0007s
FPS: 60, Animated in 0.0005s, Rendered in 0.0150s, Displayed in 0.0007s
FPS: 60, Animated in 0.0005s, Rendered in 0.0151s, Displayed in 0.0006s
FPS: 57, Animated in 0.0281s, Rendered in 0.0149s, Displayed in 0.0007s
FPS: 59, Animated in 0.0004s, Rendered in 0.0151s, Displayed in 0.0007s
FPS: 59, Animated in 0.0004s, Rendered in 0.0150s, Displayed in 0.0007s
FPS: 59, Animated in 0.0004s, Rendered in 0.0151s, Displayed in 0.0006s
FPS: 59, Animated in 0.0004s, Rendered in 0.0151s, Displayed in 0.0006s
FPS: 61, Animated in 0.0004s, Rendered in 0.0115s, Displayed in 0.0004s
FPS: 60, Animated in 0.0010s, Rendered in 0.0151s, Displayed in 0.0006s
FPS: 60, Animated in 0.0004s, Rendered in 0.0150s, Displayed in 0.0008s
FPS: 60, Animated in 0.0005s, Rendered in 0.0149s, Displayed in 0.0008s
FPS: 61, Animated in 0.0005s, Rendered in 0.0149s, Displayed in 0.0007s
FPS: 61, Animated in 0.0004s, Rendered in 0.0150s, Displayed in 0.0006s
FPS: 57, Animated in 0.0283s, Rendered in 0.0149s, Displayed in 0.0007s
FPS: 59, Animated in 0.0005s, Rendered in 0.0150s, Displayed in 0.0008s
FPS: 59, Animated in 0.0004s, Rendered in 0.0149s, Displayed in 0.0007s
FPS: 60, Animated in 0.0005s, Rendered in 0.0149s, Displayed in 0.0007s
FPS: 60, Animated in 0.0004s, Rendered in 0.0151s, Displayed in 0.0007s
FPS: 61, Animated in 0.0004s, Rendered in 0.0115s, Displayed in 0.0004s
FPS: 61, Animated in 0.0010s, Rendered in 0.0150s, Displayed in 0.0007s
FPS: 61, Animated in 0.0004s, Rendered in 0.0150s, Displayed in 0.0007s
FPS: 61, Animated in 0.0004s, Rendered in 0.0151s, Displayed in 0.0007s
FPS: 61, Animated in 0.0004s, Rendered in 0.0151s, Displayed in 0.0006s
FPS: 61, Animated in 0.0004s, Rendered in 0.0150s, Displayed in 0.0006s
FPS: 58, Animated in 0.0280s, Rendered in 0.0149s, Displayed in 0.0007s
FPS: 60, Animated in 0.0004s, Rendered in 0.0150s, Displayed in 0.0006s
FPS: 60, Animated in 0.0004s, Rendered in 0.0150s, Displayed in 0.0006s
FPS: 60, Animated in 0.0005s, Rendered in 0.0149s, Displayed in 0.0007s
FPS: 60, Animated in 0.0005s, Rendered in 0.0149s, Displayed in 0.0008s
FPS: 61, Animated in 0.0005s, Rendered in 0.0114s, Displayed in 0.0005s
FPS: 61, Animated in 0.0009s, Rendered in 0.0149s, Displayed in 0.0007s
FPS: 61, Animated in 0.0005s, Rendered in 0.0149s, Displayed in 0.0007s
FPS: 61, Animated in 0.0004s, Rendered in 0.0151s, Displayed in 0.0007s
FPS: 61, Animated in 0.0004s, Rendered in 0.0151s, Displayed in 0.0007s
FPS: 61, Animated in 0.0004s, Rendered in 0.0151s, Displayed in 0.0007s
FPS: 58, Animated in 0.0281s, Rendered in 0.0149s, Displayed in 0.0006s
FPS: 60, Animated in 0.0005s, Rendered in 0.0149s, Displayed in 0.0006s
FPS: 60, Animated in 0.0004s, Rendered in 0.0151s, Displayed in 0.0006s
FPS: 60, Animated in 0.0005s, Rendered in 0.0150s, Displayed in 0.0006s
FPS: 60, Animated in 0.0005s, Rendered in 0.0150s, Displayed in 0.0006s
FPS: 61, Animated in 0.0005s, Rendered in 0.0115s, Displayed in 0.0004s
FPS: 61, Animated in 0.0009s, Rendered in 0.0151s, Displayed in 0.0006s
FPS: 61, Animated in 0.0004s, Rendered in 0.0151s, Displayed in 0.0006s
FPS: 61, Animated in 0.0005s, Rendered in 0.0150s, Displayed in 0.0006s
FPS: 61, Animated in 0.0004s, Rendered in 0.0150s, Displayed in 0.0007s
FPS: 61, Animated in 0.0004s, Rendered in 0.0150s, Displayed in 0.0006s
FPS: 58, Animated in 0.0281s, Rendered in 0.0151s, Displayed in 0.0006s
FPS: 60, Animated in 0.0004s, Rendered in 0.0151s, Displayed in 0.0007s
FPS: 60, Animated in 0.0004s, Rendered in 0.0150s, Displayed in 0.0006s
FPS: 60, Animated in 0.0004s, Rendered in 0.0151s, Displayed in 0.0007s
FPS: 60, Animated in 0.0005s, Rendered in 0.0149s, Displayed in 0.0007s
FPS: 61, Animated in 0.0005s, Rendered in 0.0113s, Displayed in 0.0004s
FPS: 61, Animated in 0.0010s, Rendered in 0.0149s, Displayed in 0.0007s
FPS: 61, Animated in 0.0005s, Rendered in 0.0150s, Displayed in 0.0006s
FPS: 61, Animated in 0.0005s, Rendered in 0.0151s, Displayed in 0.0006s
FPS: 61, Animated in 0.0005s, Rendered in 0.0151s, Displayed in 0.0007s
FPS: 61, Animated in 0.0004s, Rendered in 0.0151s, Displayed in 0.0007s
FPS: 58, Animated in 0.0281s, Rendered in 0.0149s, Displayed in 0.0007s
FPS: 60, Animated in 0.0005s, Rendered in 0.0150s, Displayed in 0.0006s
FPS: 60, Animated in 0.0005s, Rendered in 0.0151s, Displayed in 0.0006s
FPS: 60, Animated in 0.0005s, Rendered in 0.0151s, Displayed in 0.0007s
FPS: 60, Animated in 0.0004s, Rendered in 0.0152s, Displayed in 0.0007s
FPS: 61, Animated in 0.0004s, Rendered in 0.0114s, Displayed in 0.0004s
FPS: 61, Animated in 0.0010s, Rendered in 0.0151s, Displayed in 0.0006s
FPS: 61, Animated in 0.0004s, Rendered in 0.0152s, Displayed in 0.0007s
FPS: 61, Animated in 0.0004s, Rendered in 0.0151s, Displayed in 0.0007s
FPS: 61, Animated in 0.0004s, Rendered in 0.0151s, Displayed in 0.0006s
FPS: 61, Animated in 0.0005s, Rendered in 0.0151s, Displayed in 0.0007s
FPS: 58, Animated in 0.0281s, Rendered in 0.0151s, Displayed in 0.0006s
FPS: 59, Animated in 0.0008s, Rendered in 0.0151s, Displayed in 0.0007s
FPS: 59, Animated in 0.0008s, Rendered in 0.0151s, Displayed in 0.0006s
FPS: 59, Animated in 0.0008s, Rendered in 0.0152s, Displayed in 0.0006s
FPS: 59, Animated in 0.0008s, Rendered in 0.0152s, Displayed in 0.0007s
FPS: 61, Animated in 0.0008s, Rendered in 0.0107s, Displayed in 0.0004s
FPS: 60, Animated in 0.0011s, Rendered in 0.0151s, Displayed in 0.0007s
FPS: 61, Animated in 0.0005s, Rendered in 0.0151s, Displayed in 0.0006s
FPS: 60, Animated in 0.0005s, Rendered in 0.0151s, Displayed in 0.0007s
FPS: 61, Animated in 0.0005s, Rendered in 0.0150s, Displayed in 0.0007s
FPS: 60, Animated in 0.0005s, Rendered in 0.0150s, Displayed in 0.0007s
FPS: 57, Animated in 0.0282s, Rendered in 0.0150s, Displayed in 0.0006s
FPS: 59, Animated in 0.0005s, Rendered in 0.0151s, Displayed in 0.0006s
FPS: 59, Animated in 0.0005s, Rendered in 0.0151s, Displayed in 0.0007s
FPS: 59, Animated in 0.0004s, Rendered in 0.0151s, Displayed in 0.0007s
FPS: 59, Animated in 0.0005s, Rendered in 0.0150s, Displayed in 0.0007s
FPS: 61, Animated in 0.0005s, Rendered in 0.0112s, Displayed in 0.0005s
FPS: 60, Animated in 0.0010s, Rendered in 0.0149s, Displayed in 0.0007s
FPS: 60, Animated in 0.0004s, Rendered in 0.0149s, Displayed in 0.0007s
FPS: 60, Animated in 0.0005s, Rendered in 0.0150s, Displayed in 0.0006s
FPS: 60, Animated in 0.0005s, Rendered in 0.0151s, Displayed in 0.0006s
FPS: 60, Animated in 0.0004s, Rendered in 0.0151s, Displayed in 0.0006s
FPS: 57, Animated in 0.0281s, Rendered in 0.0150s, Displayed in 0.0007s
FPS: 59, Animated in 0.0004s, Rendered in 0.0150s, Displayed in 0.0006s
FPS: 59, Animated in 0.0005s, Rendered in 0.0150s, Displayed in 0.0006s
FPS: 59, Animated in 0.0005s, Rendered in 0.0151s, Displayed in 0.0006s
FPS: 59, Animated in 0.0005s, Rendered in 0.0151s, Displayed in 0.0007s
FPS: 61, Animated in 0.0005s, Rendered in 0.0113s, Displayed in 0.0004s
FPS: 60, Animated in 0.0010s, Rendered in 0.0151s, Displayed in 0.0006s
FPS: 60, Animated in 0.0005s, Rendered in 0.0151s, Displayed in 0.0006s
FPS: 60, Animated in 0.0004s, Rendered in 0.0151s, Displayed in 0.0006s
FPS: 60, Animated in 0.0005s, Rendered in 0.0150s, Displayed in 0.0006s
FPS: 60, Animated in 0.0005s, Rendered in 0.0150s, Displayed in 0.0007s
FPS: 57, Animated in 0.0281s, Rendered in 0.0150s, Displayed in 0.0006s
FPS: 59, Animated in 0.0005s, Rendered in 0.0151s, Displayed in 0.0006s
FPS: 59, Animated in 0.0004s, Rendered in 0.0151s, Displayed in 0.0007s
FPS: 59, Animated in 0.0004s, Rendered in 0.0150s, Displayed in 0.0006s
FPS: 59, Animated in 0.0005s, Rendered in 0.0150s, Displayed in 0.0007s
FPS: 61, Animated in 0.0004s, Rendered in 0.0114s, Displayed in 0.0005s
FPS: 60, Animated in 0.0010s, Rendered in 0.0149s, Displayed in 0.0007s
FPS: 60, Animated in 0.0005s, Rendered in 0.0149s, Displayed in 0.0007s
FPS: 60, Animated in 0.0005s, Rendered in 0.0149s, Displayed in 0.0007s
FPS: 60, Animated in 0.0004s, Rendered in 0.0151s, Displayed in 0.0007s
FPS: 61, Animated in 0.0004s, Rendered in 0.0150s, Displayed in 0.0006s
FPS: 57, Animated in 0.0282s, Rendered in 0.0149s, Displayed in 0.0007s
FPS: 59, Animated in 0.0005s, Rendered in 0.0149s, Displayed in 0.0006s
FPS: 59, Animated in 0.0005s, Rendered in 0.0150s, Displayed in 0.0006s
FPS: 59, Animated in 0.0004s, Rendered in 0.0150s, Displayed in 0.0007s
FPS: 60, Animated in 0.0004s, Rendered in 0.0150s, Displayed in 0.0007s
FPS: 61, Animated in 0.0004s, Rendered in 0.0115s, Displayed in 0.0004s
FPS: 60, Animated in 0.0010s, Rendered in 0.0149s, Displayed in 0.0007s
FPS: 61, Animated in 0.0004s, Rendered in 0.0150s, Displayed in 0.0006s
FPS: 61, Animated in 0.0005s, Rendered in 0.0149s, Displayed in 0.0007s
FPS: 61, Animated in 0.0005s, Rendered in 0.0149s, Displayed in 0.0006s
FPS: 61, Animated in 0.0006s, Rendered in 0.0149s, Displayed in 0.0006s
FPS: 58, Animated in 0.0281s, Rendered in 0.0150s, Displayed in 0.0006s
FPS: 60, Animated in 0.0004s, Rendered in 0.0151s, Displayed in 0.0006s
FPS: 60, Animated in 0.0005s, Rendered in 0.0150s, Displayed in 0.0007s
FPS: 60, Animated in 0.0005s, Rendered in 0.0150s, Displayed in 0.0006s
FPS: 60, Animated in 0.0005s, Rendered in 0.0151s, Displayed in 0.0006s
FPS: 61, Animated in 0.0004s, Rendered in 0.0115s, Displayed in 0.0004s
FPS: 61, Animated in 0.0011s, Rendered in 0.0150s, Displayed in 0.0006s
FPS: 61, Animated in 0.0009s, Rendered in 0.0150s, Displayed in 0.0006s
FPS: 61, Animated in 0.0008s, Rendered in 0.0152s, Displayed in 0.0006s
FPS: 61, Animated in 0.0008s, Rendered in 0.0151s, Displayed in 0.0007s
FPS: 61, Animated in 0.0008s, Rendered in 0.0151s, Displayed in 0.0006s
FPS: 58, Animated in 0.0284s, Rendered in 0.0150s, Displayed in 0.0006s
FPS: 59, Animated in 0.0008s, Rendered in 0.0151s, Displayed in 0.0007s
FPS: 59, Animated in 0.0008s, Rendered in 0.0151s, Displayed in 0.0007s
FPS: 59, Animated in 0.0008s, Rendered in 0.0152s, Displayed in 0.0007s
FPS: 59, Animated in 0.0008s, Rendered in 0.0152s, Displayed in 0.0007s
FPS: 61, Animated in 0.0008s, Rendered in 0.0107s, Displayed in 0.0004s
FPS: 60, Animated in 0.0012s, Rendered in 0.0152s, Displayed in 0.0006s
FPS: 60, Animated in 0.0005s, Rendered in 0.0153s, Displayed in 0.0006s
FPS: 60, Animated in 0.0005s, Rendered in 0.0152s, Displayed in 0.0007s
FPS: 60, Animated in 0.0004s, Rendered in 0.0150s, Displayed in 0.0007s
FPS: 60, Animated in 0.0005s, Rendered in 0.0150s, Displayed in 0.0006s
FPS: 57, Animated in 0.0283s, Rendered in 0.0149s, Displayed in 0.0007s
FPS: 59, Animated in 0.0005s, Rendered in 0.0150s, Displayed in 0.0007s
FPS: 59, Animated in 0.0005s, Rendered in 0.0151s, Displayed in 0.0006s
FPS: 59, Animated in 0.0004s, Rendered in 0.0151s, Displayed in 0.0007s
FPS: 59, Animated in 0.0004s, Rendered in 0.0150s, Displayed in 0.0006s
FPS: 61, Animated in 0.0005s, Rendered in 0.0113s, Displayed in 0.0004s
FPS: 60, Animated in 0.0010s, Rendered in 0.0150s, Displayed in 0.0006s
FPS: 60, Animated in 0.0006s, Rendered in 0.0149s, Displayed in 0.0007s
FPS: 60, Animated in 0.0004s, Rendered in 0.0151s, Displayed in 0.0007s
FPS: 60, Animated in 0.0005s, Rendered in 0.0151s, Displayed in 0.0006s
FPS: 60, Animated in 0.0005s, Rendered in 0.0150s, Displayed in 0.0006s
FPS: 57, Animated in 0.0281s, Rendered in 0.0150s, Displayed in 0.0006s
FPS: 59, Animated in 0.0006s, Rendered in 0.0150s, Displayed in 0.0006s
FPS: 59, Animated in 0.0005s, Rendered in 0.0151s, Displayed in 0.0007s
FPS: 59, Animated in 0.0004s, Rendered in 0.0151s, Displayed in 0.0007s
FPS: 59, Animated in 0.0005s, Rendered in 0.0150s, Displayed in 0.0007s
FPS: 61, Animated in 0.0005s, Rendered in 0.0113s, Displayed in 0.0004s
FPS: 60, Animated in 0.0010s, Rendered in 0.0150s, Displayed in 0.0006s
FPS: 60, Animated in 0.0005s, Rendered in 0.0151s, Displayed in 0.0006s
FPS: 60, Animated in 0.0005s, Rendered in 0.0151s, Displayed in 0.0006s
FPS: 60, Animated in 0.0004s, Rendered in 0.0151s, Displayed in 0.0007s
FPS: 60, Animated in 0.0004s, Rendered in 0.0150s, Displayed in 0.0006s
FPS: 57, Animated in 0.0282s, Rendered in 0.0149s, Displayed in 0.0006s
FPS: 59, Animated in 0.0004s, Rendered in 0.0149s, Displayed in 0.0007s
FPS: 59, Animated in 0.0005s, Rendered in 0.0149s, Displayed in 0.0006s
FPS: 59, Animated in 0.0004s, Rendered in 0.0150s, Displayed in 0.0007s
FPS: 59, Animated in 0.0004s, Rendered in 0.0148s, Displayed in 0.0006s
FPS: 61, Animated in 0.0005s, Rendered in 0.0116s, Displayed in 0.0004s
FPS: 60, Animated in 0.0010s, Rendered in 0.0149s, Displayed in 0.0007s
FPS: 60, Animated in 0.0004s, Rendered in 0.0151s, Displayed in 0.0007s
FPS: 60, Animated in 0.0004s, Rendered in 0.0151s, Displayed in 0.0007s
FPS: 60, Animated in 0.0004s, Rendered in 0.0150s, Displayed in 0.0006s
FPS: 60, Animated in 0.0005s, Rendered in 0.0150s, Displayed in 0.0006s
FPS: 57, Animated in 0.0283s, Rendered in 0.0149s, Displayed in 0.0007s
FPS: 59, Animated in 0.0004s, Rendered in 0.0151s, Displayed in 0.0007s
FPS: 59, Animated in 0.0005s, Rendered in 0.0150s, Displayed in 0.0007s
FPS: 59, Animated in 0.0005s, Rendered in 0.0150s, Displayed in 0.0007s
FPS: 59, Animated in 0.0005s, Rendered in 0.0150s, Displayed in 0.0007s
FPS: 61, Animated in 0.0005s, Rendered in 0.0115s, Displayed in 0.0004s
FPS: 60, Animated in 0.0010s, Rendered in 0.0151s, Displayed in 0.0006s
FPS: 61, Animated in 0.0005s, Rendered in 0.0151s, Displayed in 0.0007s
FPS: 61, Animated in 0.0004s, Rendered in 0.0151s, Displayed in 0.0007s
FPS: 61, Animated in 0.0004s, Rendered in 0.0149s, Displayed in 0.0007s
FPS: 61, Animated in 0.0005s, Rendered in 0.0150s, Displayed in 0.0006s
FPS: 58, Animated in 0.0283s, Rendered in 0.0149s, Displayed in 0.0006s
FPS: 60, Animated in 0.0004s, Rendered in 0.0151s, Displayed in 0.0007s
FPS: 60, Animated in 0.0004s, Rendered in 0.0151s, Displayed in 0.0007s
FPS: 60, Animated in 0.0005s, Rendered in 0.0149s, Displayed in 0.0007s
FPS: 60, Animated in 0.0004s, Rendered in 0.0149s, Displayed in 0.0007s
FPS: 61, Animated in 0.0005s, Rendered in 0.0113s, Displayed in 0.0004s
FPS: 61, Animated in 0.0010s, Rendered in 0.0150s, Displayed in 0.0006s
FPS: 61, Animated in 0.0009s, Rendered in 0.0150s, Displayed in 0.0006s
FPS: 61, Animated in 0.0007s, Rendered in 0.0152s, Displayed in 0.0006s
FPS: 61, Animated in 0.0008s, Rendered in 0.0151s, Displayed in 0.0006s
FPS: 61, Animated in 0.0007s, Rendered in 0.0151s, Displayed in 0.0007s
FPS: 57, Animated in 0.0284s, Rendered in 0.0149s, Displayed in 0.0007s
FPS: 59, Animated in 0.0005s, Rendered in 0.0151s, Displayed in 0.0006s
FPS: 59, Animated in 0.0005s, Rendered in 0.0151s, Displayed in 0.0007s
FPS: 59, Animated in 0.0005s, Rendered in 0.0150s, Displayed in 0.0007s
FPS: 59, Animated in 0.0006s, Rendered in 0.0151s, Displayed in 0.0006s
FPS: 61, Animated in 0.0005s, Rendered in 0.0114s, Displayed in 0.0004s
FPS: 60, Animated in 0.0011s, Rendered in 0.0150s, Displayed in 0.0007s
FPS: 61, Animated in 0.0004s, Rendered in 0.0152s, Displayed in 0.0006s
FPS: 61, Animated in 0.0005s, Rendered in 0.0151s, Displayed in 0.0006s
FPS: 61, Animated in 0.0005s, Rendered in 0.0151s, Displayed in 0.0007s
FPS: 61, Animated in 0.0005s, Rendered in 0.0151s, Displayed in 0.0006s
FPS: 57, Animated in 0.0283s, Rendered in 0.0150s, Displayed in 0.0007s
FPS: 59, Animated in 0.0006s, Rendered in 0.0150s, Displayed in 0.0006s
FPS: 59, Animated in 0.0005s, Rendered in 0.0151s, Displayed in 0.0007s
FPS: 59, Animated in 0.0004s, Rendered in 0.0151s, Displayed in 0.0006s
FPS: 59, Animated in 0.0005s, Rendered in 0.0150s, Displayed in 0.0006s
FPS: 61, Animated in 0.0005s, Rendered in 0.0113s, Displayed in 0.0004s
FPS: 60, Animated in 0.0010s, Rendered in 0.0151s, Displayed in 0.0006s
FPS: 61, Animated in 0.0005s, Rendered in 0.0151s, Displayed in 0.0006s
FPS: 61, Animated in 0.0004s, Rendered in 0.0151s, Displayed in 0.0006s
FPS: 60, Animated in 0.0005s, Rendered in 0.0151s, Displayed in 0.0007s
FPS: 60, Animated in 0.0005s, Rendered in 0.0150s, Displayed in 0.0007s
FPS: 57, Animated in 0.0280s, Rendered in 0.0149s, Displayed in 0.0007s
FPS: 59, Animated in 0.0005s, Rendered in 0.0151s, Displayed in 0.0006s
FPS: 59, Animated in 0.0005s, Rendered in 0.0151s, Displayed in 0.0006s
FPS: 59, Animated in 0.0005s, Rendered in 0.0151s, Displayed in 0.0007s
FPS: 59, Animated in 0.0004s, Rendered in 0.0151s, Displayed in 0.0007s
FPS: 61, Animated in 0.0005s, Rendered in 0.0112s, Displayed in 0.0005s
FPS: 60, Animated in 0.0010s, Rendered in 0.0150s, Displayed in 0.0007s
FPS: 60, Animated in 0.0005s, Rendered in 0.0150s, Displayed in 0.0006s
FPS: 60, Animated in 0.0007s, Rendered in 0.0149s, Displayed in 0.0006s
FPS: 60, Animated in 0.0005s, Rendered in 0.0151s, Displayed in 0.0007s
FPS: 60, Animated in 0.0005s, Rendered in 0.0151s, Displayed in 0.0006s
FPS: 57, Animated in 0.0282s, Rendered in 0.0150s, Displayed in 0.0007s
FPS: 59, Animated in 0.0005s, Rendered in 0.0149s, Displayed in 0.0007s
FPS: 59, Animated in 0.0005s, Rendered in 0.0150s, Displayed in 0.0006s
FPS: 59, Animated in 0.0007s, Rendered in 0.0149s, Displayed in 0.0006s
FPS: 59, Animated in 0.0004s, Rendered in 0.0151s, Displayed in 0.0007s
FPS: 61, Animated in 0.0005s, Rendered in 0.0113s, Displayed in 0.0005s
FPS: 60, Animated in 0.0010s, Rendered in 0.0151s, Displayed in 0.0006s
FPS: 60, Animated in 0.0005s, Rendered in 0.0151s, Displayed in 0.0006s
FPS: 60, Animated in 0.0005s, Rendered in 0.0151s, Displayed in 0.0006s
FPS: 60, Animated in 0.0005s, Rendered in 0.0151s, Displayed in 0.0007s
FPS: 60, Animated in 0.0004s, Rendered in 0.0151s, Displayed in 0.0007s
FPS: 57, Animated in 0.0281s, Rendered in 0.0149s, Displayed in 0.0007s
FPS: 59, Animated in 0.0004s, Rendered in 0.0151s, Displayed in 0.0007s
FPS: 59, Animated in 0.0005s, Rendered in 0.0150s, Displayed in 0.0006s
FPS: 59, Animated in 0.0005s, Rendered in 0.0151s, Displayed in 0.0006s
FPS: 59, Animated in 0.0005s, Rendered in 0.0151s, Displayed in 0.0006s
FPS: 61, Animated in 0.0005s, Rendered in 0.0114s, Displayed in 0.0004s
FPS: 60, Animated in 0.0010s, Rendered in 0.0151s, Displayed in 0.0006s
FPS: 60, Animated in 0.0005s, Rendered in 0.0151s, Displayed in 0.0007s
FPS: 61, Animated in 0.0005s, Rendered in 0.0149s, Displayed in 0.0006s
FPS: 61, Animated in 0.0005s, Rendered in 0.0149s, Displayed in 0.0007s
FPS: 61, Animated in 0.0006s, Rendered in 0.0149s, Displayed in 0.0007s
FPS: 57, Animated in 0.0283s, Rendered in 0.0149s, Displayed in 0.0007s
FPS: 59, Animated in 0.0004s, Rendered in 0.0151s, Displayed in 0.0007s
FPS: 59, Animated in 0.0004s, Rendered in 0.0150s, Displayed in 0.0007s
FPS: 60, Animated in 0.0004s, Rendered in 0.0150s, Displayed in 0.0006s
FPS: 60, Animated in 0.0005s, Rendered in 0.0150s, Displayed in 0.0006s
FPS: 61, Animated in 0.0005s, Rendered in 0.0114s, Displayed in 0.0005s
FPS: 60, Animated in 0.0009s, Rendered in 0.0150s, Displayed in 0.0007s
FPS: 61, Animated in 0.0004s, Rendered in 0.0151s, Displayed in 0.0006s
FPS: 61, Animated in 0.0005s, Rendered in 0.0150s, Displayed in 0.0006s
FPS: 61, Animated in 0.0005s, Rendered in 0.0151s, Displayed in 0.0006s
FPS: 61, Animated in 0.0004s, Rendered in 0.0151s, Displayed in 0.0006s
FPS: 58, Animated in 0.0282s, Rendered in 0.0149s, Displayed in 0.0007s
FPS: 60, Animated in 0.0004s, Rendered in 0.0150s, Displayed in 0.0006s
FPS: 60, Animated in 0.0005s, Rendered in 0.0150s, Displayed in 0.0007s
FPS: 60, Animated in 0.0004s, Rendered in 0.0151s, Displayed in 0.0007s
FPS: 60, Animated in 0.0004s, Rendered in 0.0151s, Displayed in 0.0007s
FPS: 61, Animated in 0.0004s, Rendered in 0.0115s, Displayed in 0.0004s
FPS: 61, Animated in 0.0010s, Rendered in 0.0151s, Displayed in 0.0006s
FPS: 61, Animated in 0.0004s, Rendered in 0.0151s, Displayed in 0.0007s
FPS: 61, Animated in 0.0004s, Rendered in 0.0150s, Displayed in 0.0006s
FPS: 61, Animated in 0.0005s, Rendered in 0.0150s, Displayed in 0.0006s
FPS: 61, Animated in 0.0004s, Rendered in 0.0151s, Displayed in 0.0006s
FPS: 58, Animated in 0.0283s, Rendered in 0.0150s, Displayed in 0.0007s
FPS: 59, Animated in 0.0008s, Rendered in 0.0151s, Displayed in 0.0006s
FPS: 59, Animated in 0.0008s, Rendered in 0.0152s, Displayed in 0.0006s
FPS: 59, Animated in 0.0008s, Rendered in 0.0151s, Displayed in 0.0006s
FPS: 59, Animated in 0.0009s, Rendered in 0.0151s, Displayed in 0.0006s
FPS: 61, Animated in 0.0008s, Rendered in 0.0109s, Displayed in 0.0005s
FPS: 60, Animated in 0.0011s, Rendered in 0.0150s, Displayed in 0.0007s
FPS: 61, Animated in 0.0005s, Rendered in 0.0149s, Displayed in 0.0007s
FPS: 61, Animated in 0.0005s, Rendered in 0.0149s, Displayed in 0.0007s
FPS: 61, Animated in 0.0006s, Rendered in 0.0150s, Displayed in 0.0006s
FPS: 61, Animated in 0.0005s, Rendered in 0.0151s, Displayed in 0.0006s
FPS: 57, Animated in 0.0283s, Rendered in 0.0149s, Displayed in 0.0007s
FPS: 59, Animated in 0.0005s, Rendered in 0.0151s, Displayed in 0.0007s
FPS: 59, Animated in 0.0005s, Rendered in 0.0150s, Displayed in 0.0007s
FPS: 59, Animated in 0.0005s, Rendered in 0.0149s, Displayed in 0.0007s
FPS: 59, Animated in 0.0005s, Rendered in 0.0150s, Displayed in 0.0006s
FPS: 61, Animated in 0.0005s, Rendered in 0.0113s, Displayed in 0.0004s
FPS: 60, Animated in 0.0010s, Rendered in 0.0151s, Displayed in 0.0006s
FPS: 61, Animated in 0.0005s, Rendered in 0.0150s, Displayed in 0.0006s
FPS: 61, Animated in 0.0005s, Rendered in 0.0150s, Displayed in 0.0007s
FPS: 61, Animated in 0.0004s, Rendered in 0.0151s, Displayed in 0.0006s
FPS: 61, Animated in 0.0004s, Rendered in 0.0150s, Displayed in 0.0007s
FPS: 57, Animated in 0.0281s, Rendered in 0.0149s, Displayed in 0.0007s
FPS: 59, Animated in 0.0004s, Rendered in 0.0150s, Displayed in 0.0007s
FPS: 60, Animated in 0.0004s, Rendered in 0.0151s, Displayed in 0.0006s
FPS: 59, Animated in 0.0005s, Rendered in 0.0150s, Displayed in 0.0006s
FPS: 59, Animated in 0.0005s, Rendered in 0.0151s, Displayed in 0.0006s
FPS: 61, Animated in 0.0004s, Rendered in 0.0115s, Displayed in 0.0004s
FPS: 60, Animated in 0.0009s, Rendered in 0.0150s, Displayed in 0.0007s
FPS: 61, Animated in 0.0005s, Rendered in 0.0149s, Displayed in 0.0007s
FPS: 61, Animated in 0.0005s, Rendered in 0.0149s, Displayed in 0.0007s
FPS: 61, Animated in 0.0006s, Rendered in 0.0149s, Displayed in 0.0007s
FPS: 61, Animated in 0.0005s, Rendered in 0.0149s, Displayed in 0.0007s
FPS: 57, Animated in 0.0282s, Rendered in 0.0149s, Displayed in 0.0007s
FPS: 60, Animated in 0.0005s, Rendered in 0.0149s, Displayed in 0.0006s
FPS: 59, Animated in 0.0007s, Rendered in 0.0149s, Displayed in 0.0006s
FPS: 60, Animated in 0.0004s, Rendered in 0.0150s, Displayed in 0.0006s
FPS: 59, Animated in 0.0006s, Rendered in 0.0149s, Displayed in 0.0006s
FPS: 61, Animated in 0.0005s, Rendered in 0.0115s, Displayed in 0.0004s
FPS: 60, Animated in 0.0010s, Rendered in 0.0149s, Displayed in 0.0007s
FPS: 61, Animated in 0.0005s, Rendered in 0.0151s, Displayed in 0.0006s
FPS: 61, Animated in 0.0005s, Rendered in 0.0151s, Displayed in 0.0007s
FPS: 61, Animated in 0.0004s, Rendered in 0.0151s, Displayed in 0.0007s
FPS: 61, Animated in 0.0005s, Rendered in 0.0151s, Displayed in 0.0006s
FPS: 57, Animated in 0.0281s, Rendered in 0.0148s, Displayed in 0.0007s
FPS: 59, Animated in 0.0004s, Rendered in 0.0151s, Displayed in 0.0007s
FPS: 59, Animated in 0.0004s, Rendered in 0.0152s, Displayed in 0.0006s
FPS: 59, Animated in 0.0004s, Rendered in 0.0151s, Displayed in 0.0006s
FPS: 59, Animated in 0.0005s, Rendered in 0.0151s, Displayed in 0.0006s
FPS: 61, Animated in 0.0005s, Rendered in 0.0115s, Displayed in 0.0004s
FPS: 60, Animated in 0.0009s, Rendered in 0.0151s, Displayed in 0.0007s
FPS: 61, Animated in 0.0004s, Rendered in 0.0150s, Displayed in 0.0007s
FPS: 61, Animated in 0.0004s, Rendered in 0.0149s, Displayed in 0.0007s
FPS: 61, Animated in 0.0005s, Rendered in 0.0150s, Displayed in 0.0006s
FPS: 61, Animated in 0.0005s, Rendered in 0.0150s, Displayed in 0.0007s
FPS: 58, Animated in 0.0281s, Rendered in 0.0150s, Displayed in 0.0007s
FPS: 60, Animated in 0.0005s, Rendered in 0.0150s, Displayed in 0.0007s
FPS: 60, Animated in 0.0005s, Rendered in 0.0150s, Displayed in 0.0006s
FPS: 60, Animated in 0.0005s, Rendered in 0.0150s, Displayed in 0.0006s
FPS: 60, Animated in 0.0005s, Rendered in 0.0151s, Displayed in 0.0006s
FPS: 61, Animated in 0.0004s, Rendered in 0.0114s, Displayed in 0.0004s
FPS: 61, Animated in 0.0009s, Rendered in 0.0151s, Displayed in 0.0006s
FPS: 61, Animated in 0.0005s, Rendered in 0.0151s, Displayed in 0.0006s
FPS: 61, Animated in 0.0005s, Rendered in 0.0151s, Displayed in 0.0006s
FPS: 61, Animated in 0.0004s, Rendered in 0.0151s, Displayed in 0.0006s
FPS: 61, Animated in 0.0004s, Rendered in 0.0151s, Displayed in 0.0007s
FPS: 58, Animated in 0.0281s, Rendered in 0.0148s, Displayed in 0.0006s
FPS: 60, Animated in 0.0005s, Rendered in 0.0150s, Displayed in 0.0006s
FPS: 60, Animated in 0.0004s, Rendered in 0.0149s, Displayed in 0.0006s
FPS: 60, Animated in 0.0004s, Rendered in 0.0150s, Displayed in 0.0006s
FPS: 60, Animated in 0.0004s, Rendered in 0.0149s, Displayed in 0.0008s
FPS: 61, Animated in 0.0004s, Rendered in 0.0115s, Displayed in 0.0004s
FPS: 61, Animated in 0.0010s, Rendered in 0.0148s, Displayed in 0.0007s
FPS: 61, Animated in 0.0005s, Rendered in 0.0148s, Displayed in 0.0006s
FPS: 61, Animated in 0.0005s, Rendered in 0.0149s, Displayed in 0.0006s
FPS: 61, Animated in 0.0004s, Rendered in 0.0150s, Displayed in 0.0006s
FPS: 61, Animated in 0.0005s, Rendered in 0.0150s, Displayed in 0.0006s
FPS: 58, Animated in 0.0281s, Rendered in 0.0149s, Displayed in 0.0007s
FPS: 60, Animated in 0.0005s, Rendered in 0.0150s, Displayed in 0.0007s
FPS: 60, Animated in 0.0004s, Rendered in 0.0151s, Displayed in 0.0007s
FPS: 60, Animated in 0.0004s, Rendered in 0.0151s, Displayed in 0.0007s
FPS: 60, Animated in 0.0004s, Rendered in 0.0151s, Displayed in 0.0007s
FPS: 61, Animated in 0.0004s, Rendered in 0.0115s, Displayed in 0.0004s
FPS: 61, Animated in 0.0010s, Rendered in 0.0151s, Displayed in 0.0006s
FPS: 61, Animated in 0.0005s, Rendered in 0.0151s, Displayed in 0.0006s
FPS: 61, Animated in 0.0005s, Rendered in 0.0151s, Displayed in 0.0008s
FPS: 61, Animated in 0.0005s, Rendered in 0.0150s, Displayed in 0.0006s
FPS: 61, Animated in 0.0006s, Rendered in 0.0150s, Displayed in 0.0006s
FPS: 58, Animated in 0.0283s, Rendered in 0.0150s, Displayed in 0.0006s
FPS: 60, Animated in 0.0005s, Rendered in 0.0151s, Displayed in 0.0006s
FPS: 60, Animated in 0.0005s, Rendered in 0.0151s, Displayed in 0.0006s
FPS: 60, Animated in 0.0005s, Rendered in 0.0150s, Displayed in 0.0008s
FPS: 60, Animated in 0.0005s, Rendered in 0.0149s, Displayed in 0.0007s
FPS: 61, Animated in 0.0006s, Rendered in 0.0112s, Displayed in 0.0004s
FPS: 61, Animated in 0.0011s, Rendered in 0.0149s, Displayed in 0.0007s
FPS: 61, Animated in 0.0006s, Rendered in 0.0150s, Displayed in 0.0006s
FPS: 61, Animated in 0.0005s, Rendered in 0.0150s, Displayed in 0.0006s
FPS: 61, Animated in 0.0005s, Rendered in 0.0151s, Displayed in 0.0006s
FPS: 61, Animated in 0.0005s, Rendered in 0.0151s, Displayed in 0.0006s
FPS: 58, Animated in 0.0280s, Rendered in 0.0149s, Displayed in 0.0007s
FPS: 60, Animated in 0.0005s, Rendered in 0.0149s, Displayed in 0.0007s
FPS: 60, Animated in 0.0004s, Rendered in 0.0151s, Displayed in 0.0007s
FPS: 60, Animated in 0.0004s, Rendered in 0.0151s, Displayed in 0.0007s
FPS: 60, Animated in 0.0004s, Rendered in 0.0151s, Displayed in 0.0007s
FPS: 61, Animated in 0.0004s, Rendered in 0.0115s, Displayed in 0.0004s
FPS: 61, Animated in 0.0010s, Rendered in 0.0151s, Displayed in 0.0006s
FPS: 61, Animated in 0.0004s, Rendered in 0.0150s, Displayed in 0.0007s
FPS: 61, Animated in 0.0004s, Rendered in 0.0151s, Displayed in 0.0008s
FPS: 61, Animated in 0.0004s, Rendered in 0.0149s, Displayed in 0.0007s
FPS: 61, Animated in 0.0006s, Rendered in 0.0149s, Displayed in 0.0006s
FPS: 58, Animated in 0.0282s, Rendered in 0.0149s, Displayed in 0.0007s
FPS: 60, Animated in 0.0004s, Rendered in 0.0151s, Displayed in 0.0007s
FPS: 60, Animated in 0.0004s, Rendered in 0.0150s, Displayed in 0.0008s
FPS: 60, Animated in 0.0005s, Rendered in 0.0149s, Displayed in 0.0006s
FPS: 60, Animated in 0.0006s, Rendered in 0.0149s, Displayed in 0.0006s
FPS: 61, Animated in 0.0004s, Rendered in 0.0115s, Displayed in 0.0004s
FPS: 61, Animated in 0.0011s, Rendered in 0.0150s, Displayed in 0.0006s
FPS: 61, Animated in 0.0004s, Rendered in 0.0151s, Displayed in 0.0006s
FPS: 61, Animated in 0.0005s, Rendered in 0.0151s, Displayed in 0.0006s
FPS: 61, Animated in 0.0004s, Rendered in 0.0151s, Displayed in 0.0006s
FPS: 61, Animated in 0.0005s, Rendered in 0.0151s, Displayed in 0.0006s
FPS: 58, Animated in 0.0281s, Rendered in 0.0149s, Displayed in 0.0007s
FPS: 60, Animated in 0.0004s, Rendered in 0.0152s, Displayed in 0.0006s
FPS: 60, Animated in 0.0004s, Rendered in 0.0151s, Displayed in 0.0006s
FPS: 60, Animated in 0.0004s, Rendered in 0.0151s, Displayed in 0.0006s
FPS: 60, Animated in 0.0004s, Rendered in 0.0151s, Displayed in 0.0007s
FPS: 61, Animated in 0.0004s, Rendered in 0.0114s, Displayed in 0.0004s
FPS: 61, Animated in 0.0010s, Rendered in 0.0151s, Displayed in 0.0006s
FPS: 61, Animated in 0.0005s, Rendered in 0.0151s, Displayed in 0.0006s
FPS: 61, Animated in 0.0004s, Rendered in 0.0151s, Displayed in 0.0008s
FPS: 61, Animated in 0.0004s, Rendered in 0.0150s, Displayed in 0.0006s
FPS: 61, Animated in 0.0006s, Rendered in 0.0149s, Displayed in 0.0007s
FPS: 58, Animated in 0.0281s, Rendered in 0.0150s, Displayed in 0.0006s
FPS: 60, Animated in 0.0004s, Rendered in 0.0152s, Displayed in 0.0006s
FPS: 60, Animated in 0.0004s, Rendered in 0.0151s, Displayed in 0.0008s
FPS: 60, Animated in 0.0004s, Rendered in 0.0150s, Displayed in 0.0006s
FPS: 60, Animated in 0.0006s, Rendered in 0.0149s, Displayed in 0.0007s
FPS: 61, Animated in 0.0004s, Rendered in 0.0114s, Displayed in 0.0004s
FPS: 61, Animated in 0.0011s, Rendered in 0.0150s, Displayed in 0.0006s
FPS: 61, Animated in 0.0005s, Rendered in 0.0151s, Displayed in 0.0006s
FPS: 61, Animated in 0.0004s, Rendered in 0.0152s, Displayed in 0.0006s
FPS: 61, Animated in 0.0005s, Rendered in 0.0151s, Displayed in 0.0006s
FPS: 61, Animated in 0.0005s, Rendered in 0.0151s, Displayed in 0.0007s
FPS: 58, Animated in 0.0282s, Rendered in 0.0150s, Displayed in 0.0006s
FPS: 60, Animated in 0.0007s, Rendered in 0.0149s, Displayed in 0.0006s
FPS: 60, Animated in 0.0005s, Rendered in 0.0151s, Displayed in 0.0007s
FPS: 60, Animated in 0.0005s, Rendered in 0.0151s, Displayed in 0.0006s
FPS: 60, Animated in 0.0004s, Rendered in 0.0151s, Displayed in 0.0006s
FPS: 61, Animated in 0.0005s, Rendered in 0.0114s, Displayed in 0.0004s
FPS: 61, Animated in 0.0010s, Rendered in 0.0151s, Displayed in 0.0006s
FPS: 61, Animated in 0.0005s, Rendered in 0.0151s, Displayed in 0.0006s
FPS: 61, Animated in 0.0005s, Rendered in 0.0151s, Displayed in 0.0007s
FPS: 61, Animated in 0.0005s, Rendered in 0.0151s, Displayed in 0.0006s
FPS: 61, Animated in 0.0005s, Rendered in 0.0151s, Displayed in 0.0008s
FPS: 58, Animated in 0.0281s, Rendered in 0.0149s, Displayed in 0.0007s
FPS: 59, Animated in 0.0005s, Rendered in 0.0151s, Displayed in 0.0006s
FPS: 59, Animated in 0.0005s, Rendered in 0.0151s, Displayed in 0.0006s
FPS: 59, Animated in 0.0005s, Rendered in 0.0151s, Displayed in 0.0007s
FPS: 59, Animated in 0.0005s, Rendered in 0.0150s, Displayed in 0.0008s
FPS: 61, Animated in 0.0005s, Rendered in 0.0113s, Displayed in 0.0004s
FPS: 60, Animated in 0.0010s, Rendered in 0.0151s, Displayed in 0.0008s
FPS: 61, Animated in 0.0005s, Rendered in 0.0149s, Displayed in 0.0007s
FPS: 61, Animated in 0.0005s, Rendered in 0.0150s, Displayed in 0.0006s
FPS: 61, Animated in 0.0006s, Rendered in 0.0150s, Displayed in 0.0006s
FPS: 60, Animated in 0.0005s, Rendered in 0.0151s, Displayed in 0.0007s
FPS: 57, Animated in 0.0281s, Rendered in 0.0149s, Displayed in 0.0007s
FPS: 59, Animated in 0.0005s, Rendered in 0.0151s, Displayed in 0.0007s
FPS: 59, Animated in 0.0005s, Rendered in 0.0149s, Displayed in 0.0006s
FPS: 59, Animated in 0.0006s, Rendered in 0.0150s, Displayed in 0.0006s
FPS: 59, Animated in 0.0005s, Rendered in 0.0150s, Displayed in 0.0006s
FPS: 61, Animated in 0.0005s, Rendered in 0.0114s, Displayed in 0.0004s
FPS: 60, Animated in 0.0010s, Rendered in 0.0150s, Displayed in 0.0006s
FPS: 61, Animated in 0.0005s, Rendered in 0.0151s, Displayed in 0.0006s
FPS: 60, Animated in 0.0005s, Rendered in 0.0151s, Displayed in 0.0007s
FPS: 61, Animated in 0.0005s, Rendered in 0.0150s, Displayed in 0.0007s
FPS: 61, Animated in 0.0005s, Rendered in 0.0150s, Displayed in 0.0007s
FPS: 57, Animated in 0.0281s, Rendered in 0.0150s, Displayed in 0.0006s
FPS: 59, Animated in 0.0005s, Rendered in 0.0151s, Displayed in 0.0006s
FPS: 59, Animated in 0.0005s, Rendered in 0.0150s, Displayed in 0.0006s
FPS: 59, Animated in 0.0005s, Rendered in 0.0151s, Displayed in 0.0006s
FPS: 59, Animated in 0.0004s, Rendered in 0.0150s, Displayed in 0.0007s
FPS: 61, Animated in 0.0004s, Rendered in 0.0114s, Displayed in 0.0004s
FPS: 60, Animated in 0.0010s, Rendered in 0.0150s, Displayed in 0.0006s
FPS: 61, Animated in 0.0005s, Rendered in 0.0151s, Displayed in 0.0007s
FPS: 61, Animated in 0.0004s, Rendered in 0.0150s, Displayed in 0.0006s
FPS: 61, Animated in 0.0005s, Rendered in 0.0150s, Displayed in 0.0006s
FPS: 61, Animated in 0.0004s, Rendered in 0.0151s, Displayed in 0.0006s
FPS: 57, Animated in 0.0281s, Rendered in 0.0149s, Displayed in 0.0007s
FPS: 59, Animated in 0.0005s, Rendered in 0.0149s, Displayed in 0.0007s
FPS: 60, Animated in 0.0005s, Rendered in 0.0150s, Displayed in 0.0006s
FPS: 59, Animated in 0.0005s, Rendered in 0.0150s, Displayed in 0.0006s
FPS: 59, Animated in 0.0005s, Rendered in 0.0151s, Displayed in 0.0006s
FPS: 61, Animated in 0.0004s, Rendered in 0.0115s, Displayed in 0.0004s
FPS: 60, Animated in 0.0010s, Rendered in 0.0151s, Displayed in 0.0006s
FPS: 61, Animated in 0.0005s, Rendered in 0.0151s, Displayed in 0.0007s
FPS: 61, Animated in 0.0004s, Rendered in 0.0151s, Displayed in 0.0007s
FPS: 61, Animated in 0.0004s, Rendered in 0.0152s, Displayed in 0.0006s
FPS: 61, Animated in 0.0004s, Rendered in 0.0151s, Displayed in 0.0006s
FPS: 58, Animated in 0.0281s, Rendered in 0.0150s, Displayed in 0.0006s
FPS: 60, Animated in 0.0004s, Rendered in 0.0151s, Displayed in 0.0006s
FPS: 60, Animated in 0.0004s, Rendered in 0.0151s, Displayed in 0.0007s
FPS: 60, Animated in 0.0004s, Rendered in 0.0151s, Displayed in 0.0007s
FPS: 60, Animated in 0.0005s, Rendered in 0.0151s, Displayed in 0.0006s
FPS: 61, Animated in 0.0005s, Rendered in 0.0114s, Displayed in 0.0004s
FPS: 61, Animated in 0.0010s, Rendered in 0.0151s, Displayed in 0.0006s
FPS: 61, Animated in 0.0005s, Rendered in 0.0151s, Displayed in 0.0007s
FPS: 61, Animated in 0.0004s, Rendered in 0.0150s, Displayed in 0.0007s
FPS: 61, Animated in 0.0005s, Rendered in 0.0150s, Displayed in 0.0006s
FPS: 61, Animated in 0.0004s, Rendered in 0.0151s, Displayed in 0.0006s
FPS: 58, Animated in 0.0281s, Rendered in 0.0150s, Displayed in 0.0006s
FPS: 60, Animated in 0.0004s, Rendered in 0.0151s, Displayed in 0.0007s
FPS: 60, Animated in 0.0005s, Rendered in 0.0150s, Displayed in 0.0007s
FPS: 60, Animated in 0.0005s, Rendered in 0.0150s, Displayed in 0.0006s
FPS: 60, Animated in 0.0005s, Rendered in 0.0150s, Displayed in 0.0006s
FPS: 61, Animated in 0.0005s, Rendered in 0.0114s, Displayed in 0.0004s
FPS: 61, Animated in 0.0009s, Rendered in 0.0151s, Displayed in 0.0007s
FPS: 61, Animated in 0.0004s, Rendered in 0.0152s, Displayed in 0.0006s
FPS: 61, Animated in 0.0005s, Rendered in 0.0152s, Displayed in 0.0007s
FPS: 61, Animated in 0.0004s, Rendered in 0.0152s, Displayed in 0.0006s
FPS: 61, Animated in 0.0005s, Rendered in 0.0151s, Displayed in 0.0007s
FPS: 58, Animated in 0.0282s, Rendered in 0.0151s, Displayed in 0.0006s
FPS: 59, Animated in 0.0006s, Rendered in 0.0150s, Displayed in 0.0007s
FPS: 59, Animated in 0.0005s, Rendered in 0.0151s, Displayed in 0.0006s
FPS: 59, Animated in 0.0005s, Rendered in 0.0151s, Displayed in 0.0007s
FPS: 59, Animated in 0.0005s, Rendered in 0.0151s, Displayed in 0.0006s
FPS: 61, Animated in 0.0005s, Rendered in 0.0113s, Displayed in 0.0004s
FPS: 60, Animated in 0.0010s, Rendered in 0.0151s, Displayed in 0.0006s
FPS: 61, Animated in 0.0004s, Rendered in 0.0151s, Displayed in 0.0007s
FPS: 61, Animated in 0.0004s, Rendered in 0.0151s, Displayed in 0.0007s
FPS: 61, Animated in 0.0005s, Rendered in 0.0151s, Displayed in 0.0006s
FPS: 61, Animated in 0.0005s, Rendered in 0.0151s, Displayed in 0.0007s
FPS: 57, Animated in 0.0280s, Rendered in 0.0151s, Displayed in 0.0007s
FPS: 59, Animated in 0.0004s, Rendered in 0.0151s, Displayed in 0.0007s
FPS: 59, Animated in 0.0004s, Rendered in 0.0151s, Displayed in 0.0006s
FPS: 59, Animated in 0.0005s, Rendered in 0.0151s, Displayed in 0.0006s
FPS: 59, Animated in 0.0005s, Rendered in 0.0151s, Displayed in 0.0007s
FPS: 61, Animated in 0.0004s, Rendered in 0.0113s, Displayed in 0.0005s
FPS: 60, Animated in 0.0009s, Rendered in 0.0150s, Displayed in 0.0007s
FPS: 61, Animated in 0.0004s, Rendered in 0.0150s, Displayed in 0.0006s
FPS: 61, Animated in 0.0006s, Rendered in 0.0150s, Displayed in 0.0007s
FPS: 61, Animated in 0.0004s, Rendered in 0.0152s, Displayed in 0.0006s
FPS: 61, Animated in 0.0004s, Rendered in 0.0151s, Displayed in 0.0006s
FPS: 57, Animated in 0.0281s, Rendered in 0.0149s, Displayed in 0.0007s
FPS: 59, Animated in 0.0005s, Rendered in 0.0150s, Displayed in 0.0006s
FPS: 59, Animated in 0.0005s, Rendered in 0.0150s, Displayed in 0.0006s
FPS: 59, Animated in 0.0005s, Rendered in 0.0151s, Displayed in 0.0007s
FPS: 59, Animated in 0.0004s, Rendered in 0.0151s, Displayed in 0.0007s
FPS: 61, Animated in 0.0004s, Rendered in 0.0115s, Displayed in 0.0004s
FPS: 60, Animated in 0.0010s, Rendered in 0.0151s, Displayed in 0.0006s
FPS: 61, Animated in 0.0005s, Rendered in 0.0151s, Displayed in 0.0006s
FPS: 60, Animated in 0.0005s, Rendered in 0.0151s, Displayed in 0.0007s
FPS: 61, Animated in 0.0004s, Rendered in 0.0151s, Displayed in 0.0007s
FPS: 61, Animated in 0.0004s, Rendered in 0.0151s, Displayed in 0.0007s
FPS: 57, Animated in 0.0281s, Rendered in 0.0150s, Displayed in 0.0006s
FPS: 59, Animated in 0.0005s, Rendered in 0.0151s, Displayed in 0.0007s
FPS: 59, Animated in 0.0004s, Rendered in 0.0151s, Displayed in 0.0007s
FPS: 59, Animated in 0.0004s, Rendered in 0.0151s, Displayed in 0.0007s
FPS: 59, Animated in 0.0004s, Rendered in 0.0150s, Displayed in 0.0007s
FPS: 61, Animated in 0.0004s, Rendered in 0.0114s, Displayed in 0.0004s
FPS: 60, Animated in 0.0010s, Rendered in 0.0150s, Displayed in 0.0007s
FPS: 61, Animated in 0.0004s, Rendered in 0.0149s, Displayed in 0.0007s
FPS: 61, Animated in 0.0005s, Rendered in 0.0149s, Displayed in 0.0007s
FPS: 61, Animated in 0.0004s, Rendered in 0.0151s, Displayed in 0.0007s
FPS: 61, Animated in 0.0004s, Rendered in 0.0151s, Displayed in 0.0007s
FPS: 57, Animated in 0.0281s, Rendered in 0.0149s, Displayed in 0.0007s
FPS: 60, Animated in 0.0004s, Rendered in 0.0149s, Displayed in 0.0006s
FPS: 60, Animated in 0.0006s, Rendered in 0.0149s, Displayed in 0.0006s
FPS: 60, Animated in 0.0005s, Rendered in 0.0150s, Displayed in 0.0006s
FPS: 60, Animated in 0.0005s, Rendered in 0.0151s, Displayed in 0.0006s
FPS: 61, Animated in 0.0004s, Rendered in 0.0115s, Displayed in 0.0004s
FPS: 60, Animated in 0.0009s, Rendered in 0.0151s, Displayed in 0.0007s
FPS: 61, Animated in 0.0004s, Rendered in 0.0151s, Displayed in 0.0007s
FPS: 61, Animated in 0.0005s, Rendered in 0.0150s, Displayed in 0.0007s
FPS: 61, Animated in 0.0005s, Rendered in 0.0151s, Displayed in 0.0006s
FPS: 61, Animated in 0.0005s, Rendered in 0.0151s, Displayed in 0.0007s
FPS: 58, Animated in 0.0281s, Rendered in 0.0149s, Displayed in 0.0007s
FPS: 60, Animated in 0.0005s, Rendered in 0.0150s, Displayed in 0.0007s
FPS: 60, Animated in 0.0005s, Rendered in 0.0151s, Displayed in 0.0006s
FPS: 60, Animated in 0.0005s, Rendered in 0.0151s, Displayed in 0.0006s
FPS: 60, Animated in 0.0005s, Rendered in 0.0150s, Displayed in 0.0007s
FPS: 61, Animated in 0.0004s, Rendered in 0.0114s, Displayed in 0.0004s
FPS: 60, Animated in 0.0010s, Rendered in 0.0150s, Displayed in 0.0007s
FPS: 61, Animated in 0.0005s, Rendered in 0.0150s, Displayed in 0.0007s
FPS: 61, Animated in 0.0005s, Rendered in 0.0149s, Displayed in 0.0006s
FPS: 61, Animated in 0.0005s, Rendered in 0.0150s, Displayed in 0.0006s
FPS: 61, Animated in 0.0005s, Rendered in 0.0151s, Displayed in 0.0006s
FPS: 58, Animated in 0.0282s, Rendered in 0.0149s, Displayed in 0.0007s
FPS: 60, Animated in 0.0004s, Rendered in 0.0151s, Displayed in 0.0007s
FPS: 60, Animated in 0.0005s, Rendered in 0.0149s, Displayed in 0.0007s
FPS: 60, Animated in 0.0005s, Rendered in 0.0149s, Displayed in 0.0007s
FPS: 60, Animated in 0.0004s, Rendered in 0.0151s, Displayed in 0.0007s
FPS: 61, Animated in 0.0004s, Rendered in 0.0115s, Displayed in 0.0004s
FPS: 61, Animated in 0.0010s, Rendered in 0.0151s, Displayed in 0.0006s
FPS: 61, Animated in 0.0004s, Rendered in 0.0150s, Displayed in 0.0006s
FPS: 61, Animated in 0.0005s, Rendered in 0.0149s, Displayed in 0.0007s
FPS: 61, Animated in 0.0005s, Rendered in 0.0149s, Displayed in 0.0007s
FPS: 61, Animated in 0.0004s, Rendered in 0.0150s, Displayed in 0.0007s
FPS: 58, Animated in 0.0281s, Rendered in 0.0149s, Displayed in 0.0007s
FPS: 60, Animated in 0.0004s, Rendered in 0.0150s, Displayed in 0.0007s
FPS: 60, Animated in 0.0004s, Rendered in 0.0150s, Displayed in 0.0006s
FPS: 60, Animated in 0.0005s, Rendered in 0.0150s, Displayed in 0.0006s
FPS: 60, Animated in 0.0004s, Rendered in 0.0151s, Displayed in 0.0007s
FPS: 61, Animated in 0.0004s, Rendered in 0.0113s, Displayed in 0.0005s
FPS: 61, Animated in 0.0010s, Rendered in 0.0149s, Displayed in 0.0007s
FPS: 61, Animated in 0.0004s, Rendered in 0.0149s, Displayed in 0.0006s
FPS: 61, Animated in 0.0006s, Rendered in 0.0149s, Displayed in 0.0006s
FPS: 61, Animated in 0.0005s, Rendered in 0.0151s, Displayed in 0.0006s
FPS: 61, Animated in 0.0004s, Rendered in 0.0151s, Displayed in 0.0006s
FPS: 58, Animated in 0.0282s, Rendered in 0.0149s, Displayed in 0.0007s
FPS: 60, Animated in 0.0004s, Rendered in 0.0149s, Displayed in 0.0006s
FPS: 60, Animated in 0.0005s, Rendered in 0.0150s, Displayed in 0.0006s
FPS: 60, Animated in 0.0004s, Rendered in 0.0151s, Displayed in 0.0006s
FPS: 60, Animated in 0.0004s, Rendered in 0.0150s, Displayed in 0.0007s
FPS: 61, Animated in 0.0005s, Rendered in 0.0115s, Displayed in 0.0005s
FPS: 61, Animated in 0.0009s, Rendered in 0.0151s, Displayed in 0.0007s
FPS: 61, Animated in 0.0005s, Rendered in 0.0150s, Displayed in 0.0007s
FPS: 61, Animated in 0.0005s, Rendered in 0.0149s, Displayed in 0.0007s
FPS: 61, Animated in 0.0005s, Rendered in 0.0150s, Displayed in 0.0006s
FPS: 61, Animated in 0.0005s, Rendered in 0.0149s, Displayed in 0.0007s
FPS: 58, Animated in 0.0281s, Rendered in 0.0149s, Displayed in 0.0007s
FPS: 60, Animated in 0.0005s, Rendered in 0.0150s, Displayed in 0.0006s
FPS: 60, Animated in 0.0005s, Rendered in 0.0150s, Displayed in 0.0006s
FPS: 60, Animated in 0.0005s, Rendered in 0.0150s, Displayed in 0.0007s
FPS: 60, Animated in 0.0005s, Rendered in 0.0149s, Displayed in 0.0007s
FPS: 61, Animated in 0.0005s, Rendered in 0.0113s, Displayed in 0.0004s
FPS: 61, Animated in 0.0010s, Rendered in 0.0149s, Displayed in 0.0007s
FPS: 61, Animated in 0.0005s, Rendered in 0.0149s, Displayed in 0.0007s
FPS: 61, Animated in 0.0004s, Rendered in 0.0150s, Displayed in 0.0006s
FPS: 61, Animated in 0.0005s, Rendered in 0.0150s, Displayed in 0.0006s
FPS: 61, Animated in 0.0005s, Rendered in 0.0150s, Displayed in 0.0006s
FPS: 58, Animated in 0.0281s, Rendered in 0.0149s, Displayed in 0.0007s
FPS: 60, Animated in 0.0004s, Rendered in 0.0151s, Displayed in 0.0007s
FPS: 60, Animated in 0.0004s, Rendered in 0.0150s, Displayed in 0.0006s
FPS: 60, Animated in 0.0005s, Rendered in 0.0150s, Displayed in 0.0006s
FPS: 60, Animated in 0.0005s, Rendered in 0.0150s, Displayed in 0.0006s
FPS: 61, Animated in 0.0004s, Rendered in 0.0115s, Displayed in 0.0004s
FPS: 61, Animated in 0.0009s, Rendered in 0.0151s, Displayed in 0.0007s
FPS: 61, Animated in 0.0004s, Rendered in 0.0151s, Displayed in 0.0007s
FPS: 61, Animated in 0.0004s, Rendered in 0.0151s, Displayed in 0.0007s
FPS: 61, Animated in 0.0005s, Rendered in 0.0150s, Displayed in 0.0006s
FPS: 61, Animated in 0.0005s, Rendered in 0.0150s, Displayed in 0.0006s
FPS: 58, Animated in 0.0282s, Rendered in 0.0149s, Displayed in 0.0006s
FPS: 60, Animated in 0.0005s, Rendered in 0.0151s, Displayed in 0.0007s
FPS: 60, Animated in 0.0004s, Rendered in 0.0151s, Displayed in 0.0007s
FPS: 60, Animated in 0.0004s, Rendered in 0.0150s, Displayed in 0.0007s
FPS: 60, Animated in 0.0005s, Rendered in 0.0150s, Displayed in 0.0006s
FPS: 61, Animated in 0.0005s, Rendered in 0.0114s, Displayed in 0.0004s
FPS: 61, Animated in 0.0010s, Rendered in 0.0150s, Displayed in 0.0006s
FPS: 61, Animated in 0.0005s, Rendered in 0.0151s, Displayed in 0.0006s
FPS: 61, Animated in 0.0005s, Rendered in 0.0151s, Displayed in 0.0007s
FPS: 61, Animated in 0.0004s, Rendered in 0.0151s, Displayed in 0.0007s
FPS: 61, Animated in 0.0004s, Rendered in 0.0151s, Displayed in 0.0007s
FPS: 58, Animated in 0.0281s, Rendered in 0.0150s, Displayed in 0.0007s
FPS: 60, Animated in 0.0009s, Rendered in 0.0150s, Displayed in 0.0006s
FPS: 59, Animated in 0.0009s, Rendered in 0.0150s, Displayed in 0.0006s
FPS: 59, Animated in 0.0009s, Rendered in 0.0150s, Displayed in 0.0007s
FPS: 59, Animated in 0.0009s, Rendered in 0.0151s, Displayed in 0.0006s
FPS: 61, Animated in 0.0008s, Rendered in 0.0109s, Displayed in 0.0005s
FPS: 60, Animated in 0.0011s, Rendered in 0.0151s, Displayed in 0.0007s
FPS: 61, Animated in 0.0005s, Rendered in 0.0151s, Displayed in 0.0006s
FPS: 61, Animated in 0.0005s, Rendered in 0.0151s, Displayed in 0.0007s
FPS: 61, Animated in 0.0005s, Rendered in 0.0151s, Displayed in 0.0006s
FPS: 60, Animated in 0.0005s, Rendered in 0.0151s, Displayed in 0.0007s
FPS: 57, Animated in 0.0282s, Rendered in 0.0150s, Displayed in 0.0006s
FPS: 59, Animated in 0.0005s, Rendered in 0.0150s, Displayed in 0.0007s
FPS: 59, Animated in 0.0004s, Rendered in 0.0151s, Displayed in 0.0007s
FPS: 59, Animated in 0.0004s, Rendered in 0.0151s, Displayed in 0.0007s
FPS: 59, Animated in 0.0005s, Rendered in 0.0151s, Displayed in 0.0006s
FPS: 61, Animated in 0.0005s, Rendered in 0.0114s, Displayed in 0.0004s
FPS: 60, Animated in 0.0010s, Rendered in 0.0151s, Displayed in 0.0007s
FPS: 61, Animated in 0.0004s, Rendered in 0.0151s, Displayed in 0.0007s
FPS: 61, Animated in 0.0004s, Rendered in 0.0151s, Displayed in 0.0007s
FPS: 60, Animated in 0.0005s, Rendered in 0.0151s, Displayed in 0.0007s
FPS: 61, Animated in 0.0004s, Rendered in 0.0151s, Displayed in 0.0006s
FPS: 57, Animated in 0.0281s, Rendered in 0.0150s, Displayed in 0.0006s
FPS: 59, Animated in 0.0005s, Rendered in 0.0151s, Displayed in 0.0006s
FPS: 59, Animated in 0.0004s, Rendered in 0.0151s, Displayed in 0.0006s
FPS: 59, Animated in 0.0005s, Rendered in 0.0151s, Displayed in 0.0007s
FPS: 59, Animated in 0.0004s, Rendered in 0.0150s, Displayed in 0.0007s
FPS: 61, Animated in 0.0004s, Rendered in 0.0114s, Displayed in 0.0004s
FPS: 60, Animated in 0.0010s, Rendered in 0.0150s, Displayed in 0.0006s
FPS: 60, Animated in 0.0005s, Rendered in 0.0150s, Displayed in 0.0006s
FPS: 60, Animated in 0.0004s, Rendered in 0.0151s, Displayed in 0.0006s
FPS: 60, Animated in 0.0005s, Rendered in 0.0151s, Displayed in 0.0006s
FPS: 60, Animated in 0.0005s, Rendered in 0.0151s, Displayed in 0.0006s
FPS: 57, Animated in 0.0281s, Rendered in 0.0150s, Displayed in 0.0006s
FPS: 59, Animated in 0.0007s, Rendered in 0.0149s, Displayed in 0.0006s
FPS: 59, Animated in 0.0004s, Rendered in 0.0150s, Displayed in 0.0007s
FPS: 59, Animated in 0.0005s, Rendered in 0.0150s, Displayed in 0.0007s
FPS: 59, Animated in 0.0005s, Rendered in 0.0150s, Displayed in 0.0007s
FPS: 61, Animated in 0.0005s, Rendered in 0.0114s, Displayed in 0.0004s
FPS: 60, Animated in 0.0010s, Rendered in 0.0151s, Displayed in 0.0006s
FPS: 60, Animated in 0.0005s, Rendered in 0.0151s, Displayed in 0.0006s
FPS: 60, Animated in 0.0005s, Rendered in 0.0151s, Displayed in 0.0007s
FPS: 60, Animated in 0.0005s, Rendered in 0.0150s, Displayed in 0.0007s
FPS: 60, Animated in 0.0005s, Rendered in 0.0150s, Displayed in 0.0007s
FPS: 57, Animated in 0.0280s, Rendered in 0.0150s, Displayed in 0.0006s
FPS: 59, Animated in 0.0004s, Rendered in 0.0151s, Displayed in 0.0006s
FPS: 59, Animated in 0.0004s, Rendered in 0.0151s, Displayed in 0.0006s
FPS: 59, Animated in 0.0005s, Rendered in 0.0151s, Displayed in 0.0006s
FPS: 59, Animated in 0.0004s, Rendered in 0.0151s, Displayed in 0.0007s
FPS: 61, Animated in 0.0005s, Rendered in 0.0114s, Displayed in 0.0005s
FPS: 60, Animated in 0.0009s, Rendered in 0.0150s, Displayed in 0.0006s
FPS: 61, Animated in 0.0005s, Rendered in 0.0150s, Displayed in 0.0006s
FPS: 61, Animated in 0.0005s, Rendered in 0.0150s, Displayed in 0.0006s
FPS: 61, Animated in 0.0004s, Rendered in 0.0150s, Displayed in 0.0006s
FPS: 61, Animated in 0.0004s, Rendered in 0.0151s, Displayed in 0.0006s
FPS: 58, Animated in 0.0281s, Rendered in 0.0150s, Displayed in 0.0006s
FPS: 60, Animated in 0.0005s, Rendered in 0.0149s, Displayed in 0.0007s
FPS: 60, Animated in 0.0004s, Rendered in 0.0151s, Displayed in 0.0006s
FPS: 60, Animated in 0.0005s, Rendered in 0.0151s, Displayed in 0.0006s
FPS: 60, Animated in 0.0005s, Rendered in 0.0151s, Displayed in 0.0006s
FPS: 61, Animated in 0.0004s, Rendered in 0.0115s, Displayed in 0.0004s
FPS: 61, Animated in 0.0009s, Rendered in 0.0151s, Displayed in 0.0006s
FPS: 61, Animated in 0.0005s, Rendered in 0.0151s, Displayed in 0.0007s
FPS: 61, Animated in 0.0004s, Rendered in 0.0151s, Displayed in 0.0007s
FPS: 61, Animated in 0.0004s, Rendered in 0.0152s, Displayed in 0.0007s
FPS: 61, Animated in 0.0005s, Rendered in 0.0150s, Displayed in 0.0006s
FPS: 58, Animated in 0.0281s, Rendered in 0.0150s, Displayed in 0.0006s
FPS: 59, Animated in 0.0008s, Rendered in 0.0151s, Displayed in 0.0007s
FPS: 59, Animated in 0.0008s, Rendered in 0.0151s, Displayed in 0.0006s
FPS: 59, Animated in 0.0008s, Rendered in 0.0151s, Displayed in 0.0006s
FPS: 59, Animated in 0.0008s, Rendered in 0.0151s, Displayed in 0.0006s
FPS: 61, Animated in 0.0008s, Rendered in 0.0109s, Displayed in 0.0004s
FPS: 60, Animated in 0.0012s, Rendered in 0.0151s, Displayed in 0.0006s
FPS: 61, Animated in 0.0005s, Rendered in 0.0151s, Displayed in 0.0007s
FPS: 60, Animated in 0.0005s, Rendered in 0.0151s, Displayed in 0.0007s
FPS: 61, Animated in 0.0005s, Rendered in 0.0150s, Displayed in 0.0007s
FPS: 61, Animated in 0.0005s, Rendered in 0.0150s, Displayed in 0.0006s
FPS: 57, Animated in 0.0282s, Rendered in 0.0149s, Displayed in 0.0007s
FPS: 59, Animated in 0.0005s, Rendered in 0.0151s, Displayed in 0.0006s
FPS: 59, Animated in 0.0005s, Rendered in 0.0151s, Displayed in 0.0006s
FPS: 59, Animated in 0.0005s, Rendered in 0.0151s, Displayed in 0.0007s
FPS: 59, Animated in 0.0005s, Rendered in 0.0150s, Displayed in 0.0007s
FPS: 61, Animated in 0.0005s, Rendered in 0.0112s, Displayed in 0.0004s
FPS: 60, Animated in 0.0010s, Rendered in 0.0150s, Displayed in 0.0006s
FPS: 60, Animated in 0.0006s, Rendered in 0.0150s, Displayed in 0.0006s
FPS: 61, Animated in 0.0005s, Rendered in 0.0150s, Displayed in 0.0006s
FPS: 60, Animated in 0.0005s, Rendered in 0.0150s, Displayed in 0.0007s
FPS: 61, Animated in 0.0004s, Rendered in 0.0151s, Displayed in 0.0007s
FPS: 57, Animated in 0.0281s, Rendered in 0.0149s, Displayed in 0.0007s
FPS: 59, Animated in 0.0005s, Rendered in 0.0149s, Displayed in 0.0006s
FPS: 59, Animated in 0.0004s, Rendered in 0.0150s, Displayed in 0.0006s
FPS: 59, Animated in 0.0005s, Rendered in 0.0150s, Displayed in 0.0006s
FPS: 59, Animated in 0.0005s, Rendered in 0.0150s, Displayed in 0.0006s
FPS: 61, Animated in 0.0005s, Rendered in 0.0115s, Displayed in 0.0004s
FPS: 60, Animated in 0.0009s, Rendered in 0.0150s, Displayed in 0.0006s
FPS: 61, Animated in 0.0005s, Rendered in 0.0150s, Displayed in 0.0006s
FPS: 61, Animated in 0.0005s, Rendered in 0.0149s, Displayed in 0.0007s
FPS: 61, Animated in 0.0005s, Rendered in 0.0149s, Displayed in 0.0007s
FPS: 61, Animated in 0.0005s, Rendered in 0.0149s, Displayed in 0.0007s
FPS: 58, Animated in 0.0283s, Rendered in 0.0149s, Displayed in 0.0006s
FPS: 59, Animated in 0.0004s, Rendered in 0.0151s, Displayed in 0.0007s
FPS: 59, Animated in 0.0005s, Rendered in 0.0150s, Displayed in 0.0007s
FPS: 59, Animated in 0.0005s, Rendered in 0.0150s, Displayed in 0.0007s
FPS: 60, Animated in 0.0004s, Rendered in 0.0149s, Displayed in 0.0007s
FPS: 61, Animated in 0.0006s, Rendered in 0.0112s, Displayed in 0.0005s
FPS: 60, Animated in 0.0010s, Rendered in 0.0149s, Displayed in 0.0007s
FPS: 61, Animated in 0.0006s, Rendered in 0.0150s, Displayed in 0.0006s
FPS: 61, Animated in 0.0005s, Rendered in 0.0150s, Displayed in 0.0006s
FPS: 61, Animated in 0.0005s, Rendered in 0.0151s, Displayed in 0.0006s
FPS: 61, Animated in 0.0005s, Rendered in 0.0150s, Displayed in 0.0006s
FPS: 57, Animated in 0.0281s, Rendered in 0.0150s, Displayed in 0.0006s
FPS: 59, Animated in 0.0007s, Rendered in 0.0149s, Displayed in 0.0006s
FPS: 59, Animated in 0.0006s, Rendered in 0.0150s, Displayed in 0.0007s
FPS: 59, Animated in 0.0004s, Rendered in 0.0151s, Displayed in 0.0007s
FPS: 59, Animated in 0.0004s, Rendered in 0.0151s, Displayed in 0.0007s
FPS: 61, Animated in 0.0005s, Rendered in 0.0113s, Displayed in 0.0004s
FPS: 60, Animated in 0.0010s, Rendered in 0.0151s, Displayed in 0.0006s
FPS: 61, Animated in 0.0005s, Rendered in 0.0151s, Displayed in 0.0006s
FPS: 61, Animated in 0.0005s, Rendered in 0.0151s, Displayed in 0.0006s
FPS: 61, Animated in 0.0005s, Rendered in 0.0151s, Displayed in 0.0007s
FPS: 61, Animated in 0.0005s, Rendered in 0.0150s, Displayed in 0.0006s
FPS: 58, Animated in 0.0282s, Rendered in 0.0150s, Displayed in 0.0007s
FPS: 60, Animated in 0.0005s, Rendered in 0.0151s, Displayed in 0.0006s
FPS: 60, Animated in 0.0005s, Rendered in 0.0151s, Displayed in 0.0007s
FPS: 60, Animated in 0.0005s, Rendered in 0.0151s, Displayed in 0.0006s
FPS: 60, Animated in 0.0005s, Rendered in 0.0151s, Displayed in 0.0007s
FPS: 61, Animated in 0.0005s, Rendered in 0.0112s, Displayed in 0.0005s
FPS: 61, Animated in 0.0010s, Rendered in 0.0150s, Displayed in 0.0007s
FPS: 61, Animated in 0.0005s, Rendered in 0.0149s, Displayed in 0.0007s
FPS: 61, Animated in 0.0006s, Rendered in 0.0150s, Displayed in 0.0006s
FPS: 61, Animated in 0.0005s, Rendered in 0.0151s, Displayed in 0.0007s
FPS: 61, Animated in 0.0005s, Rendered in 0.0151s, Displayed in 0.0006s
FPS: 58, Animated in 0.0283s, Rendered in 0.0150s, Displayed in 0.0006s
FPS: 59, Animated in 0.0005s, Rendered in 0.0151s, Displayed in 0.0007s
FPS: 60, Animated in 0.0005s, Rendered in 0.0149s, Displayed in 0.0008s
FPS: 60, Animated in 0.0004s, Rendered in 0.0150s, Displayed in 0.0006s
FPS: 60, Animated in 0.0006s, Rendered in 0.0150s, Displayed in 0.0007s
FPS: 61, Animated in 0.0004s, Rendered in 0.0114s, Displayed in 0.0004s
FPS: 61, Animated in 0.0009s, Rendered in 0.0152s, Displayed in 0.0006s
FPS: 61, Animated in 0.0004s, Rendered in 0.0152s, Displayed in 0.0006s
FPS: 61, Animated in 0.0005s, Rendered in 0.0151s, Displayed in 0.0007s
FPS: 61, Animated in 0.0004s, Rendered in 0.0152s, Displayed in 0.0006s
FPS: 61, Animated in 0.0005s, Rendered in 0.0151s, Displayed in 0.0006s
FPS: 58, Animated in 0.0281s, Rendered in 0.0150s, Displayed in 0.0006s
FPS: 59, Animated in 0.0005s, Rendered in 0.0151s, Displayed in 0.0006s
FPS: 59, Animated in 0.0005s, Rendered in 0.0151s, Displayed in 0.0006s
FPS: 59, Animated in 0.0005s, Rendered in 0.0151s, Displayed in 0.0006s
FPS: 59, Animated in 0.0005s, Rendered in 0.0151s, Displayed in 0.0006s
FPS: 61, Animated in 0.0004s, Rendered in 0.0114s, Displayed in 0.0004s
FPS: 60, Animated in 0.0009s, Rendered in 0.0151s, Displayed in 0.0007s
FPS: 61, Animated in 0.0004s, Rendered in 0.0151s, Displayed in 0.0007s
FPS: 61, Animated in 0.0004s, Rendered in 0.0150s, Displayed in 0.0008s
FPS: 61, Animated in 0.0004s, Rendered in 0.0148s, Displayed in 0.0007s
FPS: 61, Animated in 0.0006s, Rendered in 0.0148s, Displayed in 0.0006s
FPS: 58, Animated in 0.0283s, Rendered in 0.0148s, Displayed in 0.0006s
FPS: 60, Animated in 0.0005s, Rendered in 0.0149s, Displayed in 0.0008s
FPS: 60, Animated in 0.0005s, Rendered in 0.0148s, Displayed in 0.0006s
FPS: 60, Animated in 0.0006s, Rendered in 0.0148s, Displayed in 0.0007s
FPS: 60, Animated in 0.0005s, Rendered in 0.0150s, Displayed in 0.0007s
FPS: 61, Animated in 0.0004s, Rendered in 0.0116s, Displayed in 0.0004s
FPS: 61, Animated in 0.0009s, Rendered in 0.0151s, Displayed in 0.0006s
FPS: 61, Animated in 0.0005s, Rendered in 0.0151s, Displayed in 0.0006s
FPS: 61, Animated in 0.0005s, Rendered in 0.0151s, Displayed in 0.0007s
FPS: 61, Animated in 0.0004s, Rendered in 0.0151s, Displayed in 0.0006s
FPS: 61, Animated in 0.0004s, Rendered in 0.0151s, Displayed in 0.0008s
FPS: 58, Animated in 0.0281s, Rendered in 0.0150s, Displayed in 0.0006s
FPS: 60, Animated in 0.0005s, Rendered in 0.0151s, Displayed in 0.0006s
FPS: 59, Animated in 0.0005s, Rendered in 0.0151s, Displayed in 0.0007s
FPS: 60, Animated in 0.0004s, Rendered in 0.0151s, Displayed in 0.0007s
FPS: 60, Animated in 0.0004s, Rendered in 0.0151s, Displayed in 0.0007s
FPS: 61, Animated in 0.0004s, Rendered in 0.0114s, Displayed in 0.0004s
FPS: 61, Animated in 0.0010s, Rendered in 0.0149s, Displayed in 0.0008s
FPS: 61, Animated in 0.0005s, Rendered in 0.0149s, Displayed in 0.0006s
FPS: 61, Animated in 0.0006s, Rendered in 0.0149s, Displayed in 0.0006s
FPS: 61, Animated in 0.0004s, Rendered in 0.0151s, Displayed in 0.0006s
FPS: 61, Animated in 0.0005s, Rendered in 0.0151s, Displayed in 0.0007s
FPS: 58, Animated in 0.0281s, Rendered in 0.0149s, Displayed in 0.0008s
FPS: 60, Animated in 0.0005s, Rendered in 0.0149s, Displayed in 0.0006s
FPS: 60, Animated in 0.0006s, Rendered in 0.0149s, Displayed in 0.0006s
FPS: 60, Animated in 0.0004s, Rendered in 0.0150s, Displayed in 0.0006s
FPS: 60, Animated in 0.0004s, Rendered in 0.0151s, Displayed in 0.0006s
FPS: 61, Animated in 0.0004s, Rendered in 0.0115s, Displayed in 0.0004s
FPS: 61, Animated in 0.0009s, Rendered in 0.0151s, Displayed in 0.0007s
FPS: 61, Animated in 0.0004s, Rendered in 0.0151s, Displayed in 0.0007s
FPS: 61, Animated in 0.0004s, Rendered in 0.0151s, Displayed in 0.0007s
FPS: 61, Animated in 0.0004s, Rendered in 0.0150s, Displayed in 0.0007s
FPS: 61, Animated in 0.0004s, Rendered in 0.0151s, Displayed in 0.0008s
FPS: 58, Animated in 0.0281s, Rendered in 0.0149s, Displayed in 0.0007s
FPS: 60, Animated in 0.0005s, Rendered in 0.0150s, Displayed in 0.0007s
FPS: 60, Animated in 0.0004s, Rendered in 0.0151s, Displayed in 0.0007s
FPS: 60, Animated in 0.0004s, Rendered in 0.0150s, Displayed in 0.0007s
FPS: 60, Animated in 0.0005s, Rendered in 0.0150s, Displayed in 0.0008s
FPS: 61, Animated in 0.0004s, Rendered in 0.0113s, Displayed in 0.0005s
FPS: 61, Animated in 0.0010s, Rendered in 0.0149s, Displayed in 0.0007s
FPS: 61, Animated in 0.0005s, Rendered in 0.0149s, Displayed in 0.0007s
FPS: 61, Animated in 0.0005s, Rendered in 0.0149s, Displayed in 0.0007s
FPS: 61, Animated in 0.0004s, Rendered in 0.0151s, Displayed in 0.0007s
FPS: 61, Animated in 0.0004s, Rendered in 0.0151s, Displayed in 0.0007s
FPS: 58, Animated in 0.0281s, Rendered in 0.0148s, Displayed in 0.0006s
FPS: 60, Animated in 0.0006s, Rendered in 0.0149s, Displayed in 0.0006s
FPS: 60, Animated in 0.0005s, Rendered in 0.0150s, Displayed in 0.0006s
FPS: 60, Animated in 0.0004s, Rendered in 0.0150s, Displayed in 0.0007s
FPS: 60, Animated in 0.0004s, Rendered in 0.0151s, Displayed in 0.0007s
FPS: 61, Animated in 0.0004s, Rendered in 0.0116s, Displayed in 0.0004s
FPS: 61, Animated in 0.0010s, Rendered in 0.0150s, Displayed in 0.0006s
FPS: 61, Animated in 0.0004s, Rendered in 0.0150s, Displayed in 0.0006s
FPS: 61, Animated in 0.0004s, Rendered in 0.0149s, Displayed in 0.0008s
